 99.55	555804	555804	U	0	unclassified
  0.45	2489	1	R	1	root
  0.45	2488	13	R1	131567	  cellular organisms
  0.44	2470	79	D	2	    Bacteria
  0.31	1745	49	P	1224	      Proteobacteria
  0.12	645	8	C	1236	        Gammaproteobacteria
  0.05	291	66	O	91347	          Enterobacterales
  0.04	207	0	F	1903411	            Yersiniaceae
  0.04	207	180	G	613	              Serratia
  0.00	27	26	S	615	                Serratia marcescens
  0.00	1	1	S1	211760	                  Serratia marcescens subsp. sakuensis
  0.00	18	9	F	543	            Enterobacteriaceae
  0.00	5	3	G	570	              Klebsiella
  0.00	1	1	S	571	                Klebsiella oxytoca
  0.00	1	1	S	573	                Klebsiella pneumoniae
  0.00	2	0	G	561	              Escherichia
  0.00	2	1	S	562	                Escherichia coli
  0.00	1	1	S1	766166	                  Escherichia coli EPEC C342-62
  0.00	1	1	G	547	              Enterobacter
  0.00	1	0	G	579	              Kluyvera
  0.00	1	1	S	73098	                Kluyvera georgiana
  0.04	229	0	O	72274	          Pseudomonadales
  0.02	120	0	F	135621	            Pseudomonadaceae
  0.02	120	105	G	286	              Pseudomonas
  0.00	3	0	G1	136845	                Pseudomonas putida group
  0.00	2	1	S	303	                  Pseudomonas putida
  0.00	1	1	S1	1081940	                    Pseudomonas putida B6-2
  0.00	1	1	S	76759	                  Pseudomonas monteilii
  0.00	2	1	G1	136843	                Pseudomonas fluorescens group
  0.00	1	0	S	294	                  Pseudomonas fluorescens
  0.00	1	1	S1	1324332	                    Pseudomonas fluorescens LMG 5329
  0.00	2	2	S	1788301	                Pseudomonas versuta
  0.00	1	1	S	1960828	                Pseudomonas sp. MF6396
  0.00	1	1	S	633150	                Pseudomonas sp. 1-7
  0.00	1	0	G1	136846	                Pseudomonas stutzeri group
  0.00	1	0	G2	578833	                  Pseudomonas stutzeri subgroup
  0.00	1	1	S	316	                    Pseudomonas stutzeri
  0.00	1	0	G1	136842	                Pseudomonas chlororaphis group
  0.00	1	1	S	47884	                  Pseudomonas taetrolens
  0.00	1	1	S	1661034	                Pseudomonas sp. NBRC 111119
  0.00	1	1	S	1985343	                Pseudomonas sp. 1239
  0.00	1	1	S	46677	                Pseudomonas agarici
  0.00	1	1	S	1608996	                Pseudomonas helleri
  0.02	109	0	F	468	            Moraxellaceae
  0.02	104	70	G	469	              Acinetobacter
  0.00	12	12	S	40215	                Acinetobacter junii
  0.00	6	6	S	1485002	                Acinetobacter sp. ETR1
  0.00	4	4	S	40214	                Acinetobacter johnsonii
  0.00	3	0	G1	909768	                Acinetobacter calcoaceticus/baumannii complex
  0.00	1	1	S	48296	                  Acinetobacter pittii
  0.00	1	1	S	470	                  Acinetobacter baumannii
  0.00	1	1	S	1310678	                  Acinetobacter sp. 263903-1
  0.00	2	0	S	106649	                Acinetobacter guillouiae
  0.00	2	2	S1	1217656	                  Acinetobacter guillouiae NIPH 991
  0.00	1	1	S	1144664	                Acinetobacter sp. CIP 102129
  0.00	1	1	S	1795629	                Acinetobacter sp. BMW17
  0.00	1	1	S	1960826	                Acinetobacter sp. MF4640
  0.00	1	1	S	1509403	                Acinetobacter sp. HR7
  0.00	1	0	S	134533	                Acinetobacter parvus
  0.00	1	1	S1	1217671	                  Acinetobacter parvus NIPH 1103
  0.00	1	1	S	2079596	                Acinetobacter sp. SWBY1
  0.00	1	1	S	1209355	                Acinetobacter sp. MDS7A
  0.00	4	0	G	475	              Moraxella
  0.00	4	4	S	34062	                Moraxella osloensis
  0.00	1	0	G	222991	              Alkanindiges
  0.00	1	0	S	197183	                Alkanindiges illinoisensis
  0.00	1	1	S1	1120977	                  Alkanindiges illinoisensis DSM 15370
  0.01	55	2	O	135622	          Alteromonadales
  0.01	53	0	F	72275	            Alteromonadaceae
  0.01	53	35	G	111142	              Alishewanella
  0.00	8	8	S	1651088	                Alishewanella sp. WH16-1
  0.00	6	0	S	553384	                Alishewanella agri
  0.00	6	6	S1	1195246	                  Alishewanella agri BL06
  0.00	2	0	S	453835	                Alishewanella aestuarii
  0.00	2	2	S1	1197174	                  Alishewanella aestuarii B11
  0.00	1	0	S	545533	                Alishewanella jeotgali
  0.00	1	1	S1	1129374	                  Alishewanella jeotgali KCTC 22429
  0.00	1	1	S	1856684	                Alishewanella sp. HH-ZS
  0.01	48	0	O	135614	          Xanthomonadales
  0.01	48	14	F	32033	            Xanthomonadaceae
  0.01	34	26	G	40323	              Stenotrophomonas
  0.00	8	1	G1	995085	                Stenotrophomonas maltophilia group
  0.00	7	7	S	40324	                  Stenotrophomonas maltophilia
  0.00	10	0	O	135625	          Pasteurellales
  0.00	10	0	F	712	            Pasteurellaceae
  0.00	9	4	G	416916	              Aggregatibacter
  0.00	5	5	S	732	                Aggregatibacter aphrophilus
  0.00	1	1	G	724	              Haemophilus
  0.00	2	0	O	1706369	          Cellvibrionales
  0.00	1	0	F	1706371	            Cellvibrionaceae
  0.00	1	0	G	10	              Cellvibrio
  0.00	1	1	S	1134474	                Cellvibrio sp. BR
  0.00	1	0	F	1706373	            Microbulbiferaceae
  0.00	1	1	G	48073	              Microbulbifer
  0.00	1	0	O	135619	          Oceanospirillales
  0.00	1	0	F	28256	            Halomonadaceae
  0.00	1	1	G	2745	              Halomonas
  0.00	1	0	O	135624	          Aeromonadales
  0.00	1	0	F	84642	            Aeromonadaceae
  0.00	1	0	G	642	              Aeromonas
  0.00	1	1	S	633417	                Aeromonas taiwanensis
  0.12	645	22	C	28211	        Alphaproteobacteria
  0.10	541	24	O	356	          Rhizobiales
  0.07	373	16	F	41294	            Bradyrhizobiaceae
  0.05	304	51	G	374	              Bradyrhizobium
  0.04	207	207	S	288000	                Bradyrhizobium sp. BTAi1
  0.00	17	17	S	2133945	                Bradyrhizobium sp. MOS004
  0.00	10	0	S	375	                Bradyrhizobium japonicum
  0.00	9	9	S1	1304877	                  Bradyrhizobium japonicum 22
  0.00	1	1	S1	1038862	                  Bradyrhizobium japonicum USDA 124
  0.00	3	3	S	722472	                Bradyrhizobium lablabi
  0.00	2	2	S	1518501	                Bradyrhizobium valentinum
  0.00	2	2	S	335659	                Bradyrhizobium sp. S23321
  0.00	1	1	S	1680159	                Bradyrhizobium sp. NAS80.1
  0.00	1	1	S	1325108	                Bradyrhizobium sp. CCBAU 51781
  0.00	1	1	S	1380355	                Bradyrhizobium sp. URHD0069
  0.00	1	1	S	1404367	                Bradyrhizobium sp. 3 85S1MB
  0.00	1	1	S	1040989	                Bradyrhizobium sp. ARR65
  0.00	1	1	S	634784	                Bradyrhizobium algeriense
  0.00	1	1	S	1736363	                Bradyrhizobium sp. Leaf396
  0.00	1	1	S	1768753	                Bradyrhizobium sp. CCH5-F6
  0.00	1	1	S	1768759	                Bradyrhizobium sp. CCH4-A6
  0.00	1	1	S	196490	                Bradyrhizobium sp. Ai1a-2
  0.00	1	1	S	43992	                Bradyrhizobium liaoningense
  0.00	1	1	S	2341115	                Bradyrhizobium sp. LVM 105
  0.01	40	26	G	1033	              Afipia
  0.00	11	0	S	56946	                Afipia broomeae
  0.00	11	11	S1	883078	                  Afipia broomeae ATCC 49717
  0.00	3	3	S	1429916	                Afipia sp. P52-10
  0.00	6	2	G	85413	              Bosea
  0.00	3	3	S	1881058	                Bosea sp. DSM 18164
  0.00	1	1	S	1842539	                Bosea sp. RAC05
  0.00	5	0	G	1073	              Rhodopseudomonas
  0.00	3	3	S	1523430	                Rhodopseudomonas sp. AAP120
  0.00	2	1	S	1076	                Rhodopseudomonas palustris
  0.00	1	1	S1	316056	                  Rhodopseudomonas palustris BisB18
  0.00	1	0	F1	81426	              unclassified Bradyrhizobiaceae
  0.00	1	1	S	709797	                Bradyrhizobiaceae bacterium SG-6C
  0.00	1	0	G	1395974	              Tardiphaga
  0.00	1	1	S	2135487	                Tardiphaga sp. OV697
  0.02	95	4	F	119045	            Methylobacteriaceae
  0.02	85	58	G	407	              Methylobacterium
  0.00	7	7	S	1502748	                Methylobacterium sp. UNC378MF
  0.00	6	0	S	39956	                Methylobacterium mesophilicum
  0.00	6	6	S1	908290	                  Methylobacterium mesophilicum SR1.6/6
  0.00	3	3	S	582667	                Methylobacterium pseudosasicola
  0.00	2	2	S	582672	                Methylobacterium phyllostachyos
  0.00	1	1	S	1502747	                Methylobacterium sp. UNC300MFChir4.1
  0.00	1	1	S	1736352	                Methylobacterium sp. Leaf361
  0.00	1	1	S	1730094	                Methylobacterium sp. GXS13
  0.00	1	1	S	1096546	                Methylobacterium sp. GXF4
  0.00	1	1	S	739141	                Methylobacterium sp. XJLW
  0.00	1	1	S	648885	                Methylobacterium sp. MB200
  0.00	1	1	S	31998	                Methylobacterium radiotolerans
  0.00	1	1	S	269660	                Methylobacterium brachiatum
  0.00	1	1	S	2202828	                Methylobacterium sp. 17Sr1-43
  0.00	6	0	G	2282523	              Methylorubrum
  0.00	3	2	S	408	                Methylorubrum extorquens
  0.00	1	1	S1	440085	                  Methylorubrum extorquens CM4
  0.00	2	1	S	223967	                Methylorubrum populi
  0.00	1	1	S1	441620	                  Methylorubrum populi BJ001
  0.00	1	1	S	414703	                Methylorubrum salsuginis
  0.01	39	1	F	69277	            Phyllobacteriaceae
  0.01	37	16	G	68287	              Mesorhizobium
  0.00	16	16	S	2082387	                Mesorhizobium sp. Pch-S
  0.00	2	2	S	381	                Mesorhizobium loti
  0.00	1	1	S	1040986	                Mesorhizobium sp. WSM3224
  0.00	1	1	S	1297570	                Mesorhizobium sp. STM 4661
  0.00	1	1	S	1287292	                Mesorhizobium sp. LSHC420B00
  0.00	1	0	G	31988	              Aminobacter
  0.00	1	1	S	83263	                Aminobacter aminovorans
  0.00	4	0	F	45401	            Hyphomicrobiaceae
  0.00	2	2	G	81	              Hyphomicrobium
  0.00	2	0	G	29407	              Rhodoplanes
  0.00	1	1	S	29408	                Rhodoplanes elegans
  0.00	1	1	S	674703	                Rhodoplanes sp. Z2-YC6860
  0.00	3	0	F	82115	            Rhizobiaceae
  0.00	3	0	F1	227290	              Rhizobium/Agrobacterium group
  0.00	3	0	G	379	                Rhizobium
  0.00	1	1	S	384	                  Rhizobium leguminosarum
  0.00	1	1	S	1566262	                  Rhizobium sp. NFR07
  0.00	1	1	S	1736330	                  Rhizobium sp. Leaf306
  0.00	2	1	F	335928	            Xanthobacteraceae
  0.00	1	0	G	279	              Xanthobacter
  0.00	1	0	S	280	                Xanthobacter autotrophicus
  0.00	1	1	S1	78245	                  Xanthobacter autotrophicus Py2
  0.00	1	0	O1	119042	            unclassified Rhizobiales
  0.00	1	0	O2	41292	              unclassified Rhizobiales (miscellaneous)
  0.00	1	1	S	1909294	                Rhizobiales bacterium
  0.01	64	4	O	204457	          Sphingomonadales
  0.01	57	17	F	41297	            Sphingomonadaceae
  0.00	20	8	G	165695	              Sphingobium
  0.00	3	3	S	135719	                Sphingobium amiense
  0.00	3	0	S	121428	                Sphingobium xenophagum
  0.00	3	3	S1	1219037	                  Sphingobium xenophagum NBRC 107872
  0.00	2	2	S	13690	                Sphingobium yanoikuyae
  0.00	1	1	S	46429	                Sphingobium chlorophenolicum
  0.00	1	1	S	1335760	                Sphingobium sp. YL23
  0.00	1	1	S	2082188	                Sphingobium sp. YG1
  0.00	1	1	S	2116625	                Sphingobium sp. AEW4
  0.00	12	7	G	13687	              Sphingomonas
  0.00	2	2	S	1564113	                Sphingomonas sp. Ant H11
  0.00	1	0	S	397260	                Sphingomonas sanxanigenens
  0.00	1	1	S1	1123269	                  Sphingomonas sanxanigenens DSM 19645 = NX02
  0.00	1	1	S	2283317	                Sphingomonas sp. WZY 27
  0.00	1	1	S	152682	                Sphingomonas melonis
  0.00	7	3	G	165696	              Novosphingobium
  0.00	1	0	S	13688	                Novosphingobium capsulatum
  0.00	1	1	S1	1219042	                  Novosphingobium capsulatum NBRC 12533
  0.00	1	0	S	76978	                Novosphingobium rosa
  0.00	1	1	S1	1219053	                  Novosphingobium rosa NBRC 15208
  0.00	1	1	S	1630648	                Novosphingobium sp. MD-1
  0.00	1	1	S	1892847	                Novosphingobium sp. NDB2Meth1
  0.00	1	0	G	165697	              Sphingopyxis
  0.00	1	1	S	292913	                Sphingopyxis sp. 113P3
  0.00	3	0	F	335929	            Erythrobacteraceae
  0.00	1	0	G	1041	              Erythrobacter
  0.00	1	1	S	1822240	                Erythrobacter sp. HI0063
  0.00	1	0	G	1111	              Porphyrobacter
  0.00	1	1	S	60454	                Porphyrobacter tepidarius
  0.00	1	0	G	1295327	              Croceicoccus
  0.00	1	1	S	1783232	                Croceicoccus sp. H4
  0.00	10	0	O	204441	          Rhodospirillales
  0.00	5	0	F	433	            Acetobacteraceae
  0.00	3	1	G	434	              Acetobacter
  0.00	2	0	S	285268	                Acetobacter nitrogenifigens
  0.00	2	2	S1	1120919	                  Acetobacter nitrogenifigens DSM 23921 = LMG 23498
  0.00	1	0	G	50714	              Acidisphaera
  0.00	1	1	S	1969806	                Acidisphaera sp. G45-3
  0.00	1	0	G	268408	              Rhodovarius
  0.00	1	1	S	1979269	                Rhodovarius sp. CCP-6
  0.00	4	0	F	41295	            Rhodospirillaceae
  0.00	2	0	F1	41296	              unclassified Rhodospirillaceae
  0.00	1	1	S	1768806	                Rhodospirillaceae bacterium CCH5-H10
  0.00	1	1	S	2268029	                Rhodospirillaceae bacterium SYSU D60006
  0.00	1	0	G	13134	              Magnetospirillum
  0.00	1	1	S	1639348	                Magnetospirillum sp. ME-1
  0.00	1	0	G	382513	              Telmatospirillum
  0.00	1	1	S	382514	                Telmatospirillum siberiense
  0.00	1	0	O1	451274	            unclassified Rhodospirillales
  0.00	1	0	O2	941843	              unclassified Rhodospirillales (miscellaneous)
  0.00	1	1	S	1380357	                Rhodospirillales bacterium URHD0017
  0.00	5	0	O	204455	          Rhodobacterales
  0.00	5	0	F	31989	            Rhodobacteraceae
  0.00	4	2	G	265	              Paracoccus
  0.00	2	2	S	1545044	                Paracoccus sanguinis
  0.00	1	0	G	93682	              Roseivivax
  0.00	1	1	S	641238	                Roseivivax roseus
  0.00	3	0	O	204458	          Caulobacterales
  0.00	3	0	F	76892	            Caulobacteraceae
  0.00	2	0	G	41275	              Brevundimonas
  0.00	1	1	S	293	                Brevundimonas diminuta
  0.00	1	1	S	1495854	                Brevundimonas sp. EAKA
  0.00	1	0	G	75	              Caulobacter
  0.00	1	0	S	155892	                Caulobacter vibrioides
  0.00	1	1	S1	1292034	                  Caulobacter vibrioides OR37
  0.07	406	4	C	28216	        Betaproteobacteria
  0.07	391	8	O	80840	          Burkholderiales
  0.02	130	59	F	80864	            Comamonadaceae
  0.00	26	9	G	12916	              Acidovorax
  0.00	11	11	S	80878	                Acidovorax temperans
  0.00	2	2	S	358220	                Acidovorax sp. KKS102
  0.00	1	1	S	1736508	                Acidovorax sp. Root275
  0.00	1	1	S	592050	                Acidovorax soli
  0.00	1	1	S	512030	                Acidovorax sp. NO-1
  0.00	1	1	S	2135638	                Acidovorax sp. 107
  0.00	11	8	G	80865	              Delftia
  0.00	3	2	S	80866	                Delftia acidovorans
  0.00	1	1	S1	398578	                  Delftia acidovorans SPH-1
  0.00	10	1	F1	83494	              unclassified Comamonadaceae
  0.00	7	7	S	1768804	                Comamonadaceae bacterium CCH4-C5
  0.00	2	2	S	1768803	                Comamonadaceae bacterium CCH12-A10
  0.00	9	2	G	335058	              Pelomonas
  0.00	6	6	S	431059	                Pelomonas puraquae
  0.00	1	1	S	1736434	                Pelomonas sp. Root1237
  0.00	4	0	G	283	              Comamonas
  0.00	1	0	S	225991	                Comamonas aquatica
  0.00	1	1	S1	1457173	                  Comamonas aquatica DA1877
  0.00	1	1	S	2170731	                Comamonas sp. JNW
  0.00	1	1	S	285	                Comamonas testosteroni
  0.00	1	1	S	1055192	                Comamonas sp. B-9
  0.00	3	1	G	281915	              Curvibacter
  0.00	2	0	S	86182	                Curvibacter lanceolatus
  0.00	2	2	S1	1265504	                  Curvibacter lanceolatus ATCC 14669
  0.00	2	2	G	34072	              Variovorax
  0.00	2	0	G	665874	              Limnohabitans
  0.00	1	1	S	1977909	                Limnohabitans sp. Jir72
  0.00	1	1	S	1100706	                Limnohabitans sp. 15K
  0.00	1	0	G	1649514	              Zhizhongheella
  0.00	1	1	S	1452508	                Zhizhongheella caldifontis
  0.00	1	0	G	1649468	              Melaminivora
  0.00	1	1	S	1165852	                Melaminivora alkalimesophila
  0.00	1	0	G	52972	              Polaromonas
  0.00	1	0	S	216465	                Polaromonas naphthalenivorans
  0.00	1	1	S1	365044	                  Polaromonas naphthalenivorans CJ2
  0.00	1	0	G	28219	              Brachymonas
  0.00	1	0	S	28220	                Brachymonas denitrificans
  0.00	1	1	S1	1121117	                  Brachymonas denitrificans DSM 15123
  0.02	108	0	F	119060	            Burkholderiaceae
  0.02	102	44	G	48736	              Ralstonia
  0.01	32	32	S	1676617	                Ralstonia sp. MD27
  0.00	19	19	S	190721	                Ralstonia insidiosa
  0.00	7	7	S	329	                Ralstonia pickettii
  0.00	4	2	G	32008	              Burkholderia
  0.00	2	2	S	416944	                Burkholderia sp. TNe-862
  0.00	2	1	G	106589	              Cupriavidus
  0.00	1	1	S	1538095	                Cupriavidus sp. D384
  0.02	90	1	F	75682	            Oxalobacteraceae
  0.01	83	53	G	963	              Herbaspirillum
  0.00	15	0	S	863372	                Herbaspirillum huttiense
  0.00	15	0	S1	230311	                  Herbaspirillum huttiense subsp. putei
  0.00	15	15	S2	1235558	                    Herbaspirillum huttiense subsp. putei IAM 15032
  0.00	9	9	S	2183918	                Herbaspirillum sp. XFZ15 10_5
  0.00	2	2	S	95609	                Herbaspirillum sp. B39
  0.00	2	2	S	1175306	                Herbaspirillum sp. GW103
  0.00	1	1	S	568783	                Herbaspirillum aquaticum
  0.00	1	1	S	964	                Herbaspirillum seropedicae
  0.00	5	2	G	149698	              Massilia
  0.00	2	2	S	47229	                Massilia timonae
  0.00	1	1	S	1736517	                Massilia sp. Root335
  0.00	1	1	G	29580	              Janthinobacterium
  0.01	29	2	F	506	            Alcaligenaceae
  0.00	22	9	G	222	              Achromobacter
  0.00	5	5	S	32002	                Achromobacter denitrificans
  0.00	4	4	S	85698	                Achromobacter xylosoxidans
  0.00	3	3	S	1758194	                Achromobacter sp. AONIH1
  0.00	1	1	S	1688405	                Achromobacter sp. DMS1
  0.00	2	1	G	507	              Alcaligenes
  0.00	1	1	S	511	                Alcaligenes faecalis
  0.00	2	0	G	517	              Bordetella
  0.00	1	1	S	103855	                Bordetella hinzii
  0.00	1	1	S	1395608	                Bordetella genomosp. 5
  0.00	1	0	G	305976	              Pusillimonas
  0.00	1	1	S	2028345	                Pusillimonas sp. ye3
  0.00	26	0	O1	119065	            unclassified Burkholderiales
  0.00	26	1	O2	224471	              Burkholderiales Genera incertae sedis
  0.00	11	0	G	114248	                Tepidimonas
  0.00	11	11	S	1101373	                  Tepidimonas fonticaldi
  0.00	9	3	G	92793	                Aquabacterium
  0.00	6	6	S	70584	                  Aquabacterium parvum
  0.00	2	0	G	316612	                Methylibium
  0.00	1	1	S	1500261	                  Methylibium sp. CF059
  0.00	1	1	S	1736441	                  Methylibium sp. Root1272
  0.00	1	0	G	28067	                Rubrivivax
  0.00	1	1	S	2499835	                  Rubrivivax sp. ICH-3
  0.00	1	0	G	88	                Leptothrix
  0.00	1	1	S	47994	                  Leptothrix mobilis
  0.00	1	0	G	1114981	                Piscinibacter
  0.00	1	1	S	1796922	                  Piscinibacter defluvii
  0.00	8	0	O	32003	          Nitrosomonadales
  0.00	7	0	F	2008793	            Sterolibacteriaceae
  0.00	7	0	G	378210	              Methyloversatilis
  0.00	5	5	S	1119528	                Methyloversatilis discipulorum
  0.00	2	2	S	378211	                Methyloversatilis universalis
  0.00	1	0	F	32011	            Methylophilaceae
  0.00	1	0	G	16	              Methylophilus
  0.00	1	0	S	17	                Methylophilus methylotrophus
  0.00	1	1	S1	1122236	                  Methylophilus methylotrophus DSM 46235 = ATCC 53528
  0.00	3	0	O	206351	          Neisseriales
  0.00	2	0	F	481	            Neisseriaceae
  0.00	2	2	G	482	              Neisseria
  0.00	1	0	F	1499392	            Chromobacteriaceae
  0.00	1	0	G	57739	              Vogesella
  0.00	1	1	S	1192162	                Vogesella sp. LIG4
  0.07	417	15	D1	1783272	      Terrabacteria group
  0.06	349	0	P	201174	        Actinobacteria
  0.06	349	9	C	1760	          Actinobacteria
  0.04	201	0	O	85009	            Propionibacteriales
  0.04	199	195	F	31957	              Propionibacteriaceae
  0.00	2	0	G	1743	                Propionibacterium
  0.00	2	2	S	1739345	                  Propionibacterium sp. HMSC065F07
  0.00	1	0	G	72763	                Tessaracoccus
  0.00	1	1	S	399497	                  Tessaracoccus flavescens
  0.00	1	0	G	1912216	                Cutibacterium
  0.00	1	1	S	1747	                  Cutibacterium acnes
  0.00	2	0	F	85015	              Nocardioidaceae
  0.00	2	0	G	1839	                Nocardioides
  0.00	1	1	S	2321396	                  Nocardioides sp. K1W22B-1
  0.00	1	0	S	450734	                  Nocardioides dokdonensis
  0.00	1	1	S1	1300347	                    Nocardioides dokdonensis FR1436
  0.01	67	0	O	85011	            Streptomycetales
  0.01	67	0	F	2062	              Streptomycetaceae
  0.01	67	56	G	1883	                Streptomyces
  0.00	10	10	S	47716	                  Streptomyces olivaceus
  0.00	1	1	S	342634	                  Streptomyces sp. Tu4128
  0.01	38	0	O	85006	            Micrococcales
  0.00	16	4	F	1268	              Micrococcaceae
  0.00	4	2	G	57493	                Kocuria
  0.00	1	1	S	71999	                  Kocuria palustris
  0.00	1	1	S	223184	                  Kocuria marina
  0.00	3	0	G	57494	                Nesterenkonia
  0.00	2	2	S	1232429	                  Nesterenkonia massiliensis
  0.00	1	1	S	272918	                  Nesterenkonia sandarakina
  0.00	3	1	G	1269	                Micrococcus
  0.00	1	1	S	1270	                  Micrococcus luteus
  0.00	1	0	S	1273	                  Micrococcus lylae
  0.00	1	1	S1	1349773	                    Micrococcus lylae NBRC 15355
  0.00	1	0	G	1663	                Arthrobacter
  0.00	1	1	S	2020486	                  Arthrobacter sp. YN
  0.00	1	0	G	32207	                Rothia
  0.00	1	1	S	1739518	                  Rothia sp. HMSC065D02
  0.00	14	0	F	85020	              Dermabacteraceae
  0.00	14	9	G	43668	                Brachybacterium
  0.00	2	2	S	1704590	                  Brachybacterium sp. SW0106-09
  0.00	1	1	S	2306299	                  Brachybacterium sp. EE-P12
  0.00	1	1	S	173362	                  Brachybacterium paraconglomeratum
  0.00	1	1	S	1775432	                  Brachybacterium sp. sponge
  0.00	6	1	F	85023	              Microbacteriaceae
  0.00	4	1	G	33882	                Microbacterium
  0.00	1	0	S	2033	                  Microbacterium testaceum
  0.00	1	1	S1	979556	                    Microbacterium testaceum StLB037
  0.00	1	1	S	1775956	                  Microbacterium sp. TNHR37B
  0.00	1	1	S	162426	                  Microbacterium hominis
  0.00	1	1	G	46352	                Agrococcus
  0.00	1	0	F	85019	              Brevibacteriaceae
  0.00	1	0	G	1696	                Brevibacterium
  0.00	1	1	S	1033736	                  Brevibacterium senegalense
  0.00	1	0	F	85021	              Intrasporangiaceae
  0.00	1	0	G	53457	                Janibacter
  0.00	1	0	S	364298	                  Janibacter hoylei
  0.00	1	1	S1	1210046	                    Janibacter hoylei PVAS-1
  0.00	26	0	O	85007	            Corynebacteriales
  0.00	17	8	F	1762	              Mycobacteriaceae
  0.00	7	4	G	1763	                Mycobacterium
  0.00	3	3	S	1778	                  Mycobacterium gordonae
  0.00	2	2	G	670516	                Mycobacteroides
  0.00	7	0	F	1653	              Corynebacteriaceae
  0.00	7	3	G	1716	                Corynebacterium
  0.00	1	1	S	1705	                  Corynebacterium stationis
  0.00	1	1	S	161879	                  Corynebacterium kroppenstedtii
  0.00	1	1	S	43769	                  Corynebacterium propinquum
  0.00	1	0	S	38304	                  Corynebacterium tuberculostearicum
  0.00	1	1	S1	553206	                    Corynebacterium tuberculostearicum SK141
  0.00	1	0	F	85025	              Nocardiaceae
  0.00	1	1	G	1827	                Rhodococcus
  0.00	1	0	F	85029	              Dietziaceae
  0.00	1	0	G	37914	                Dietzia
  0.00	1	1	S	499555	                  Dietzia timorensis
  0.00	7	0	O	2037	            Actinomycetales
  0.00	7	0	F	2049	              Actinomycetaceae
  0.00	7	2	G	1654	                Actinomyces
  0.00	2	2	S	544580	                  Actinomyces oris
  0.00	2	0	S	712117	                  Actinomyces sp. oral taxon 170
  0.00	2	2	S1	762963	                    Actinomyces sp. oral taxon 170 str. F0386
  0.00	1	1	S	1655	                  Actinomyces naeslundii
  0.00	1	0	O	85010	            Pseudonocardiales
  0.00	1	0	F	2070	              Pseudonocardiaceae
  0.00	1	1	G	1847	                Pseudonocardia
  0.01	44	2	P	1239	        Firmicutes
  0.01	31	0	C	91061	          Bacilli
  0.00	18	0	O	186826	            Lactobacillales
  0.00	10	0	F	1300	              Streptococcaceae
  0.00	9	6	G	1301	                Streptococcus
  0.00	1	1	S	1305	                  Streptococcus sanguinis
  0.00	1	1	S	1308	                  Streptococcus thermophilus
  0.00	1	1	S	1318	                  Streptococcus parasanguinis
  0.00	1	0	G	1357	                Lactococcus
  0.00	1	1	S	1358	                  Lactococcus lactis
  0.00	4	0	F	33958	              Lactobacillaceae
  0.00	4	0	G	1578	                Lactobacillus
  0.00	4	4	S	1605	                  Lactobacillus animalis
  0.00	3	0	F	81852	              Enterococcaceae
  0.00	3	0	G	1350	                Enterococcus
  0.00	3	0	S	246144	                  Enterococcus italicus
  0.00	3	3	S1	888064	                    Enterococcus italicus DSM 15952
  0.00	1	0	F	186827	              Aerococcaceae
  0.00	1	0	G	1375	                Aerococcus
  0.00	1	1	S	1376	                  Aerococcus urinae
  0.00	13	0	O	1385	            Bacillales
  0.00	6	0	F	90964	              Staphylococcaceae
  0.00	6	5	G	1279	                Staphylococcus
  0.00	1	0	S	1280	                  Staphylococcus aureus
  0.00	1	1	S1	46170	                    Staphylococcus aureus subsp. aureus
  0.00	4	0	F	186817	              Bacillaceae
  0.00	2	2	G	1386	                Bacillus
  0.00	1	1	G	129337	                Geobacillus
  0.00	1	0	G	150247	                Anoxybacillus
  0.00	1	1	S	1490051	                  Anoxybacillus geothermalis
  0.00	3	0	O1	539002	              Bacillales incertae sedis
  0.00	3	0	O2	539738	                Bacillales Family XI. Incertae Sedis
  0.00	3	0	G	1378	                  Gemella
  0.00	3	3	S	1379	                    Gemella haemolysans
  0.00	7	0	C	186801	          Clostridia
  0.00	7	0	O	186802	            Clostridiales
  0.00	5	0	F	31979	              Clostridiaceae
  0.00	5	0	G	1485	                Clostridium
  0.00	5	0	S	76489	                  Clostridium acetireducens
  0.00	5	5	S1	1121290	                    Clostridium acetireducens DSM 10703
  0.00	1	1	F	186803	              Lachnospiraceae
  0.00	1	0	F	186804	              Peptostreptococcaceae
  0.00	1	0	G	1257	                Peptostreptococcus
  0.00	1	0	S	341694	                  Peptostreptococcus stomatis
  0.00	1	1	S1	596315	                    Peptostreptococcus stomatis DSM 17678
  0.00	2	0	C	909932	          Negativicutes
  0.00	2	0	O	1843489	            Veillonellales
  0.00	2	0	F	31977	              Veillonellaceae
  0.00	2	2	G	29465	                Veillonella
  0.00	2	0	C	1737404	          Tissierellia
  0.00	2	0	O	1737405	            Tissierellales
  0.00	2	0	F	1570339	              Peptoniphilaceae
  0.00	1	1	G	162289	                Peptoniphilus
  0.00	1	0	G	543311	                Parvimonas
  0.00	1	0	S	33033	                  Parvimonas micra
  0.00	1	1	S1	1408286	                    Parvimonas micra A293
  0.00	8	0	P	1297	        Deinococcus-Thermus
  0.00	8	0	C	188787	          Deinococci
  0.00	7	0	O	118964	            Deinococcales
  0.00	7	0	F	183710	              Deinococcaceae
  0.00	7	5	G	1298	                Deinococcus
  0.00	1	0	S	68910	                  Deinococcus murrayi
  0.00	1	1	S1	1121383	                    Deinococcus murrayi DSM 11303
  0.00	1	1	S	317577	                  Deinococcus ficus
  0.00	1	0	O	68933	            Thermales
  0.00	1	0	F	188786	              Thermaceae
  0.00	1	0	G	65551	                Meiothermus
  0.00	1	1	S	277	                  Meiothermus ruber
  0.00	1	0	D2	1798711	        Cyanobacteria/Melainabacteria group
  0.00	1	0	P	1117	          Cyanobacteria
  0.00	1	0	O	1161	            Nostocales
  0.00	1	1	F	1162	              Nostocaceae
  0.04	219	0	D1	1783270	      FCB group
  0.04	219	0	D2	68336	        Bacteroidetes/Chlorobi group
  0.04	219	1	P	976	          Bacteroidetes
  0.04	200	0	C	117743	            Flavobacteriia
  0.04	200	0	O	200644	              Flavobacteriales
  0.04	200	1	F	49546	                Flavobacteriaceae
  0.04	196	156	G	59732	                  Chryseobacterium
  0.01	34	34	S	253	                    Chryseobacterium indologenes
  0.00	1	1	S	373668	                    Chryseobacterium ureilyticum
  0.00	1	1	S	1340435	                    Chryseobacterium sp. UNC8MFCol
  0.00	1	1	S	680127	                    Chryseobacterium culicis
  0.00	1	1	S	651561	                    Chryseobacterium arthrosphaerae
  0.00	1	1	S	1241981	                    Chryseobacterium lactis
  0.00	1	1	S	1685010	                    Chryseobacterium glaciei
  0.00	2	1	G	237	                  Flavobacterium
  0.00	1	1	S	1736351	                    Flavobacterium sp. Leaf359
  0.00	1	1	G	308865	                  Elizabethkingia
  0.00	12	0	C	200643	            Bacteroidia
  0.00	12	2	O	171549	              Bacteroidales
  0.00	5	0	F	171552	                Prevotellaceae
  0.00	5	2	G	838	                  Prevotella
  0.00	2	2	S	28131	                    Prevotella intermedia
  0.00	1	1	S	28133	                    Prevotella nigrescens
  0.00	3	1	F	171551	                Porphyromonadaceae
  0.00	2	0	G	836	                  Porphyromonas
  0.00	2	0	S	712437	                    Porphyromonas sp. oral taxon 278
  0.00	2	2	S1	1227272	                      Porphyromonas sp. oral taxon 278 str. W7784
  0.00	1	0	F	815	                Bacteroidaceae
  0.00	1	1	G	816	                  Bacteroides
  0.00	1	0	F	171550	                Rikenellaceae
  0.00	1	0	G	239759	                  Alistipes
  0.00	1	1	S	214856	                    Alistipes finegoldii
  0.00	4	0	C	117747	            Sphingobacteriia
  0.00	4	0	O	200666	              Sphingobacteriales
  0.00	4	0	F	84566	                Sphingobacteriaceae
  0.00	4	4	G	28453	                  Sphingobacterium
  0.00	1	0	P1	171558	            unclassified Bacteroidetes
  0.00	1	0	P2	37452	              unclassified Bacteroidetes (miscellaneous)
  0.00	1	0	S	652708	                Bacteroidetes oral taxon 274
  0.00	1	1	S1	575590	                  Bacteroidetes oral taxon 274 str. F0058
  0.00	1	0	C	1853228	            Chitinophagia
  0.00	1	0	O	1853229	              Chitinophagales
  0.00	1	1	F	563835	                Chitinophagaceae
  0.00	5	0	P	32066	      Fusobacteria
  0.00	5	0	C	203490	        Fusobacteriia
  0.00	5	0	O	203491	          Fusobacteriales
  0.00	3	0	F	203492	            Fusobacteriaceae
  0.00	3	1	G	848	              Fusobacterium
  0.00	1	1	S	860	                Fusobacterium periodonticum
  0.00	1	0	S	712288	                Fusobacterium sp. oral taxon 370
  0.00	1	1	S1	861452	                  Fusobacterium sp. oral taxon 370 str. F0437
  0.00	2	0	F	1129771	            Leptotrichiaceae
  0.00	2	0	G	168808	              Sneathia
  0.00	2	2	S	40543	                Sneathia sanguinegens
  0.00	3	0	P	203691	      Spirochaetes
  0.00	3	0	C	203692	        Spirochaetia
  0.00	3	0	O	1643688	          Leptospirales
  0.00	3	0	F	170	            Leptospiraceae
  0.00	3	0	G	171	              Leptospira
  0.00	3	2	S	409998	                Leptospira wolffii
  0.00	1	0	S1	479645	                  Leptospira wolffii serovar Khorat
  0.00	1	1	S2	1193069	                    Leptospira wolffii serovar Khorat str. Khorat-H2
  0.00	2	0	D1	1783257	      PVC group
  0.00	2	0	P	204428	        Chlamydiae
  0.00	2	0	C	204429	          Chlamydiia
  0.00	2	0	O	51291	            Chlamydiales
  0.00	2	0	F	809	              Chlamydiaceae
  0.00	2	0	F1	1113537	                Chlamydia/Chlamydophila group
  0.00	2	0	G	810	                  Chlamydia
  0.00	2	2	S	813	                    Chlamydia trachomatis
  0.00	5	0	D	2759	    Eukaryota
  0.00	5	0	D1	33154	      Opisthokonta
  0.00	5	0	K	4751	        Fungi
  0.00	5	0	K1	451864	          Dikarya
  0.00	3	0	P	4890	            Ascomycota
  0.00	3	0	P1	716545	              saccharomyceta
  0.00	3	0	P2	147538	                Pezizomycotina
  0.00	3	0	P3	716546	                  leotiomyceta
  0.00	2	0	P4	715962	                    dothideomyceta
  0.00	2	0	C	147541	                      Dothideomycetes
  0.00	2	0	C1	451868	                        Pleosporomycetidae
  0.00	2	0	O	92860	                          Pleosporales
  0.00	2	0	O1	715340	                            Pleosporineae
  0.00	2	0	F	28556	                              Pleosporaceae
  0.00	2	0	G	5598	                                Alternaria
  0.00	2	0	G1	2499237	                                  Alternaria sect. Alternaria
  0.00	2	0	G2	187734	                                    Alternaria alternata complex
  0.00	2	2	S	5599	                                      Alternaria alternata
  0.00	1	0	C	147545	                    Eurotiomycetes
  0.00	1	0	C1	451871	                      Eurotiomycetidae
  0.00	1	0	O	5042	                        Eurotiales
  0.00	1	0	F	1131492	                          Aspergillaceae
  0.00	1	0	G	5073	                            Penicillium
  0.00	1	0	G1	254878	                              Penicillium chrysogenum species complex
  0.00	1	0	S	1108849	                                Penicillium rubens
  0.00	1	1	S1	500485	                                  Penicillium rubens Wisconsin 54-1255
  0.00	2	0	P	5204	            Basidiomycota
  0.00	2	0	P1	452284	              Ustilaginomycotina
  0.00	2	0	C	1538075	                Malasseziomycetes
  0.00	2	0	O	162474	                  Malasseziales
  0.00	2	0	F	742845	                    Malasseziaceae
  0.00	2	0	G	55193	                      Malassezia
  0.00	2	2	S	76775	                        Malassezia restricta
