  0.01	2	2	U	0	unclassified
 99.99	38904	0	R	1	root
 99.99	38904	1	R1	131567	  cellular organisms
 99.99	38903	3922	D	2	    Bacteria
 76.78	29872	73	D1	1783272	      Terrabacteria group
 72.67	28273	5	P	201174	        Actinobacteria
 72.63	28258	36	C	1760	          Actinobacteria
 71.63	27867	0	O	85004	            Bifidobacteriales
 71.63	27867	11	F	31953	              Bifidobacteriaceae
 71.55	27838	388	G	1678	                Bifidobacterium
 69.59	27076	1	S	28025	                  Bifidobacterium animalis
 69.50	27040	27040	S1	302912	                    Bifidobacterium animalis subsp. animalis
  0.09	35	0	S1	302911	                    Bifidobacterium animalis subsp. lactis
  0.09	35	35	S2	1316911	                      Bifidobacterium animalis subsp. lactis KLDS2.0603
  0.24	92	0	S	471511	                  Bifidobacterium bombi
  0.24	92	92	S1	1341695	                    Bifidobacterium bombi DSM 19703
  0.23	91	91	S	1765219	                  Bifidobacterium eulemuris
  0.09	34	14	S	216816	                  Bifidobacterium longum
  0.05	20	20	S1	1679	                    Bifidobacterium longum subsp. longum
  0.08	32	4	S	1680	                  Bifidobacterium adolescentis
  0.04	15	15	S1	411481	                    Bifidobacterium adolescentis L2-32
  0.03	13	13	S1	367928	                    Bifidobacterium adolescentis ATCC 15703
  0.05	21	21	S	2306972	                  Bifidobacterium sp. 2020B
  0.05	20	20	S	1691	                  Bifidobacterium indicum
  0.04	16	16	S	33905	                  Bifidobacterium thermophilum
  0.03	12	12	S	1692	                  Bifidobacterium magnum
  0.03	11	11	S	2493120	                  Bifidobacterium aemilianum
  0.02	8	8	S	78346	                  Bifidobacterium ruminantium
  0.01	5	5	S	1630173	                  Bifidobacterium catulorum
  0.01	4	4	S	518643	                  Bifidobacterium mongoliense
  0.01	4	0	S	630129	                  Bifidobacterium kashiwanohense
  0.01	4	4	S1	1447716	                    Bifidobacterium kashiwanohense PV20-2
  0.01	4	4	S	1505727	                  Bifidobacterium commune
  0.01	4	4	S	77635	                  Bifidobacterium subtile
  0.01	4	4	S	2493119	                  Bifidobacterium xylocopae
  0.01	3	0	S	28026	                  Bifidobacterium pseudocatenulatum
  0.01	3	3	S1	547043	                    Bifidobacterium pseudocatenulatum DSM 20438 = JCM 1200 = LMG 10505
  0.01	2	0	S	1694	                  Bifidobacterium pseudolongum
  0.01	2	2	S1	1690	                    Bifidobacterium pseudolongum subsp. globosum
  0.01	2	2	S	1653207	                  Bifidobacterium aquikefiri
  0.01	2	0	S	762212	                  Bifidobacterium biavatii
  0.01	2	2	S1	1437608	                    Bifidobacterium biavatii DSM 23969
  0.01	2	2	S	1630172	                  Bifidobacterium hapali
  0.00	1	1	S	78345	                  Bifidobacterium merycicum
  0.02	7	7	G	1302778	                Pseudoscardovia
  0.01	5	5	G	2701	                Gardnerella
  0.01	5	0	G	240233	                Aeriscardovia
  0.01	5	5	S	218139	                  Aeriscardovia aeriphila
  0.00	1	0	G	419014	                Alloscardovia
  0.00	1	1	S	1160091	                  Alloscardovia macacae
  0.30	117	0	O	2037	            Actinomycetales
  0.30	117	82	F	2049	              Actinomycetaceae
  0.03	10	6	G	1654	                Actinomyces
  0.01	2	0	S	653385	                  Actinomyces sp. oral taxon 849
  0.01	2	2	S1	653386	                    Actinomyces sp. oral taxon 849 str. F0330
  0.00	1	1	S	52767	                  Actinomyces denticolens
  0.00	1	1	S	1912795	                  Actinomyces sp. VUL4_3
  0.02	7	0	F1	45035	                unclassified Actinomycetaceae
  0.02	7	7	S	2364794	                  Actinomycetaceae bacterium Marseille-P6182
  0.02	6	6	G	2050	                Mobiluncus
  0.02	6	6	G	28263	                Arcanobacterium
  0.01	3	3	G	76833	                Actinobaculum
  0.00	1	1	G	184869	                Varibaculum
  0.00	1	1	G	1522056	                Flaviflexus
  0.00	1	0	G	2529408	                Schaalia
  0.00	1	1	S	100469	                  Schaalia canis
  0.25	99	0	O	85007	            Corynebacteriales
  0.14	54	0	F	1653	              Corynebacteriaceae
  0.14	54	26	G	1716	                Corynebacterium
  0.05	18	17	S	1718	                  Corynebacterium glutamicum
  0.00	1	1	S1	1079988	                    Corynebacterium glutamicum ATCC 14067
  0.01	3	3	S	1717	                  Corynebacterium diphtheriae
  0.01	2	2	S	161895	                  Corynebacterium phocae
  0.01	2	0	S	441501	                  Corynebacterium massiliense
  0.01	2	2	S1	1121364	                    Corynebacterium massiliense DSM 45435
  0.00	1	1	S	108486	                  Corynebacterium falsenii
  0.00	1	1	S	1972128	                  Corynebacterium sp. BCW_4722
  0.00	1	1	S	2080750	                  Corynebacterium sp. Marseille-P4329
  0.07	29	0	F	1762	              Mycobacteriaceae
  0.05	19	0	G	1866885	                Mycolicibacterium
  0.04	16	16	S	59813	                  Mycolicibacterium novocastrense
  0.01	3	3	S	39693	                  Mycolicibacterium porcinum
  0.03	10	0	G	1763	                Mycobacterium
  0.02	7	0	G1	77643	                  Mycobacterium tuberculosis complex
  0.02	7	7	S	1773	                    Mycobacterium tuberculosis
  0.01	3	0	G1	120793	                  Mycobacterium avium complex (MAC)
  0.01	2	2	S	64667	                    Mycobacterium lepraemurium
  0.00	1	0	S	1764	                    Mycobacterium avium
  0.00	1	0	S1	1770	                      Mycobacterium avium subsp. paratuberculosis
  0.00	1	1	S2	1010838	                        Mycobacterium avium subsp. paratuberculosis S397
  0.04	16	0	F	85029	              Dietziaceae
  0.04	16	16	G	37914	                Dietzia
  0.12	46	0	O	85011	            Streptomycetales
  0.12	46	0	F	2062	              Streptomycetaceae
  0.12	46	0	G	1883	                Streptomyces
  0.07	29	29	S	51201	                  Streptomyces griseocarneus
  0.01	5	5	S	1969	                  Streptomyces chartreusis
  0.01	2	0	S	66865	                  Streptomyces afghaniensis
  0.01	2	2	S1	1283301	                    Streptomyces afghaniensis 772
  0.01	2	2	S	66874	                  Streptomyces bicolor
  0.01	2	2	S	54571	                  Streptomyces venezuelae
  0.01	2	2	S	68249	                  Streptomyces pactum
  0.00	1	0	G1	1481185	                  Streptomyces cinnamoneus group
  0.00	1	1	S	53446	                    Streptomyces cinnamoneus
  0.00	1	1	S	76728	                  Streptomyces vitaminophilus
  0.00	1	1	S	1535768	                  Streptomyces lunaelactis
  0.00	1	1	S	1609106	                  Streptomyces sp. NRRL B-1568
  0.11	43	5	O	85006	            Micrococcales
  0.03	11	0	F	1268	              Micrococcaceae
  0.03	11	0	G	57494	                Nesterenkonia
  0.03	11	0	S	515814	                  Nesterenkonia alba
  0.03	11	11	S1	1122602	                    Nesterenkonia alba DSM 19423
  0.03	10	0	F	85019	              Brevibacteriaceae
  0.03	10	10	G	1696	                Brevibacterium
  0.02	9	0	F	85016	              Cellulomonadaceae
  0.02	9	0	G	1707	                Cellulomonas
  0.02	9	9	S	1689271	                  Cellulomonas timonensis
  0.01	4	0	F	1042322	              Demequinaceae
  0.01	4	0	G	577469	                Demequina
  0.01	3	3	S	1095026	                  Demequina sediminicola
  0.00	1	1	S	1570341	                  Demequina sp. NBRC 110052
  0.01	2	0	F	85020	              Dermabacteraceae
  0.00	1	1	G	36739	                Dermabacter
  0.00	1	0	G	1161125	                Helcobacillus
  0.00	1	1	S	521392	                  Helcobacillus massiliensis
  0.00	1	0	F	85021	              Intrasporangiaceae
  0.00	1	0	G	367298	                Phycicoccus
  0.00	1	1	S	2502783	                  Phycicoccus sp. CMS6Z-2
  0.00	1	0	F	1331736	              Ruaniaceae
  0.00	1	0	G	626119	                Ruania
  0.00	1	0	S	366586	                  Ruania albidiflava
  0.00	1	1	S1	1123065	                    Ruania albidiflava DSM 18029
  0.08	32	0	O	85009	            Propionibacteriales
  0.05	20	0	F	85015	              Nocardioidaceae
  0.03	11	0	G	1839	                Nocardioides
  0.03	10	10	S	1046556	                  Nocardioides daejeonensis
  0.00	1	1	S	433648	                  Nocardioides sediminis
  0.01	3	0	G	53387	                Friedmanniella
  0.01	3	3	S	546871	                  Friedmanniella luteola
  0.01	3	0	G	86795	                Marmoricola
  0.01	3	3	S	397278	                  Marmoricola aequoreus
  0.01	3	0	G	182639	                Kribbella
  0.01	3	3	S	2185285	                  Kribbella sp. NEAU-SW521
  0.03	12	5	F	31957	              Propionibacteriaceae
  0.01	3	3	G	1912215	                Acidipropionibacterium
  0.00	1	0	G	1743	                Propionibacterium
  0.00	1	1	S	1744	                  Propionibacterium freudenreichii
  0.00	1	0	G	1912216	                Cutibacterium
  0.00	1	1	S	1747	                  Cutibacterium acnes
  0.00	1	0	G	1912217	                Pseudopropionibacterium
  0.00	1	1	S	1750	                  Pseudopropionibacterium propionicum
  0.00	1	0	G	2042653	                Nigerium
  0.00	1	1	S	1522317	                  Nigerium massiliense
  0.01	4	0	O	85008	            Micromonosporales
  0.01	4	3	F	28056	              Micromonosporaceae
  0.00	1	0	G	1873	                Micromonospora
  0.00	1	1	S	47853	                  Micromonospora carbonacea
  0.01	3	0	O	85012	            Streptosporangiales
  0.01	3	0	F	2012	              Thermomonosporaceae
  0.01	3	0	G	1988	                Actinomadura
  0.01	3	0	S	111805	                  Actinomadura pelletieri
  0.01	3	3	S1	1120940	                    Actinomadura pelletieri DSM 43383
  0.01	3	0	O	1643682	            Geodermatophilales
  0.01	3	0	F	85030	              Geodermatophilaceae
  0.01	3	3	G	1860	                Geodermatophilus
  0.01	2	0	O	85010	            Pseudonocardiales
  0.01	2	1	F	2070	              Pseudonocardiaceae
  0.00	1	1	G	1847	                Pseudonocardia
  0.01	2	0	O	85013	            Frankiales
  0.01	2	0	F	74712	              Frankiaceae
  0.01	2	2	G	1854	                Frankia
  0.01	2	0	O	85014	            Glycomycetales
  0.01	2	0	F	85034	              Glycomycetaceae
  0.01	2	0	G	651553	                Haloglycomyces
  0.01	2	0	S	526067	                  Haloglycomyces albus
  0.01	2	2	S1	1089549	                    Haloglycomyces albus DSM 45210
  0.00	1	0	O	2039638	            Candidatus Nanopelagicales
  0.00	1	0	F	2162846	              Candidatus Nanopelagicaceae
  0.00	1	0	G	2039639	                Candidatus Nanopelagicus
  0.00	1	1	S	1884915	                  Candidatus Nanopelagicus hibericus
  0.00	1	0	C1	52018	            unclassified Actinobacteria (class)
  0.00	1	0	C2	78537	              unclassified Actinobacteria (class) (miscellaneous)
  0.00	1	1	S	2487353	                Actinobacteria bacterium YIM 96077
  0.01	4	0	C	84992	          Acidimicrobiia
  0.01	4	0	O	84993	            Acidimicrobiales
  0.01	4	0	F	84994	              Acidimicrobiaceae
  0.01	4	0	G	53634	                Acidimicrobium
  0.01	4	0	S	53635	                  Acidimicrobium ferrooxidans
  0.01	4	4	S1	525909	                    Acidimicrobium ferrooxidans DSM 10331
  0.01	3	0	C	84998	          Coriobacteriia
  0.01	3	0	O	84999	            Coriobacteriales
  0.01	2	2	F	84107	              Coriobacteriaceae
  0.00	1	0	F	1643824	              Atopobiaceae
  0.00	1	1	G	1380	                Atopobium
  0.00	1	0	C	908620	          Nitriliruptoria
  0.00	1	0	O	908621	            Euzebyales
  0.00	1	0	F	908622	              Euzebyaceae
  0.00	1	0	G	908623	                Euzebya
  0.00	1	1	S	591198	                  Euzebya tangerina
  0.00	1	0	C	1497346	          Thermoleophilia
  0.00	1	0	O	588673	            Solirubrobacterales
  0.00	1	0	F	361606	              Patulibacteraceae
  0.00	1	1	G	361607	                Patulibacter
  0.00	1	0	P1	1752188	          unclassified Actinobacteria
  0.00	1	1	S	1848755	            Actinobacteria bacterium IMCC26077
  3.81	1482	34	P	1239	        Firmicutes
  3.07	1196	23	C	91061	          Bacilli
  1.98	772	34	O	1385	            Bacillales
  0.74	286	0	F	186818	              Planococcaceae
  0.73	285	285	G	1372	                Planococcus
  0.00	1	0	G	162291	                Planomicrobium
  0.00	1	1	S	1176648	                  Planomicrobium soli
  0.58	225	0	F	90964	              Staphylococcaceae
  0.58	225	66	G	1279	                Staphylococcus
  0.34	132	119	S	1280	                  Staphylococcus aureus
  0.01	5	5	S1	1413492	                    Staphylococcus aureus MSSA-93
  0.01	4	4	S1	1388426	                    Staphylococcus aureus M0642
  0.01	2	1	S1	46170	                    Staphylococcus aureus subsp. aureus
  0.00	1	1	S2	931442	                      Staphylococcus aureus subsp. aureus CIG547
  0.00	1	1	S1	1388421	                    Staphylococcus aureus M0634
  0.00	1	1	S1	1413483	                    Staphylococcus aureus C3965
  0.04	14	14	S	1581100	                  Staphylococcus sp. HMSC14C08
  0.01	4	4	S	1283	                  Staphylococcus haemolyticus
  0.01	2	2	S	70255	                  Staphylococcus condimenti
  0.01	2	2	S	2201033	                  Staphylococcus sp. FDAARGOS_39
  0.00	1	1	S	1281	                  Staphylococcus carnosus
  0.00	1	1	S	586733	                  Staphylococcus devriesei
  0.00	1	1	S	29388	                  Staphylococcus capitis
  0.00	1	1	S	1282	                  Staphylococcus epidermidis
  0.00	1	1	S	1286	                  Staphylococcus simulans
  0.48	188	5	F	186817	              Bacillaceae
  0.45	175	15	G	1386	                Bacillus
  0.08	32	32	S	1977090	                  Bacillus sp. JEM-1
  0.08	30	0	G1	86661	                  Bacillus cereus group
  0.03	10	6	S	1396	                    Bacillus cereus
  0.01	3	3	S1	1003239	                      Bacillus cereus C1L
  0.00	1	1	S1	572264	                      Bacillus cereus 03BB102
  0.02	8	2	S	1428	                    Bacillus thuringiensis
  0.01	5	5	S1	1423143	                      Bacillus thuringiensis Bt18247
  0.00	1	1	S1	1217737	                      Bacillus thuringiensis HD-789
  0.01	5	4	S	1392	                    Bacillus anthracis
  0.00	1	1	S1	261591	                      Bacillus anthracis str. Vollum
  0.01	3	3	S	1973494	                    Bacillus sp. S1-R1J2-FB
  0.01	2	2	S	1973491	                    Bacillus sp. S1-R5C1-FB
  0.00	1	1	S	1405	                    Bacillus mycoides
  0.00	1	1	S	1973493	                    Bacillus sp. S1-R2T1-FB
  0.07	26	0	G1	653685	                  Bacillus subtilis group
  0.04	16	0	G2	1938374	                    Bacillus amyloliquefaciens group
  0.03	13	12	S	492670	                      Bacillus velezensis
  0.00	1	1	S1	1385727	                        Bacillus velezensis NAU-B3
  0.01	2	2	S	1390	                      Bacillus amyloliquefaciens
  0.00	1	1	S	659243	                      Bacillus siamensis
  0.02	7	6	S	1423	                    Bacillus subtilis
  0.00	1	1	S1	1496303	                      Bacillus subtilis subsp. globigii
  0.00	1	1	S	1402	                    Bacillus licheniformis
  0.00	1	0	S	72361	                    Bacillus vallismortis
  0.00	1	1	S1	1051502	                      Bacillus vallismortis DV1-F-3
  0.00	1	1	S	1648923	                    Bacillus paralicheniformis
  0.06	23	23	S	2054913	                  Bacillus sp. mrc49
  0.03	11	11	S	220684	                  Bacillus drentensis
  0.02	6	5	S	1404	                  Bacillus megaterium
  0.00	1	1	S1	1006007	                    Bacillus megaterium WSH-002
  0.01	4	4	S	1679167	                  Bacillus sp. FJAT-27238
  0.01	4	4	S	2011010	                  Bacillus sp. FJAT-45066
  0.01	3	3	S	549687	                  Bacillus horneckiae
  0.01	2	2	S	161544	                  Bacillus sp. SG-1
  0.01	2	2	S	1455638	                  Bacillus sp. SA1-12
  0.01	2	2	S	1399	                  Bacillus firmus
  0.01	2	2	S	2011011	                  Bacillus populi
  0.01	2	2	S	1221450	                  Bacillus abyssalis
  0.01	2	2	S	1882766	                  Bacillus sp. YR288
  0.00	1	1	S	762947	                  Bacillus eiseniae
  0.00	1	1	S	1679166	                  Bacillus sp. FJAT-27445
  0.00	1	1	S	1679168	                  Bacillus sp. FJAT-27231
  0.00	1	1	S	1398	                  Bacillus coagulans
  0.00	1	1	S	1982041	                  Bacillus sp. MB353a
  0.00	1	0	S	1454	                  Bacillus azotoformans
  0.00	1	1	S1	1131731	                    Bacillus azotoformans LMG 9581
  0.00	1	1	S	2014005	                  Bacillus sp. FJAT-44742
  0.00	1	1	S	2021693	                  Bacillus sp. 7884-1
  0.00	1	1	S	2011007	                  Bacillus sp. FJAT-45037
  0.01	3	0	G	400634	                Lysinibacillus
  0.01	3	3	S	582475	                  Lysinibacillus xylanilyticus
  0.01	2	0	G	84406	                Virgibacillus
  0.00	1	1	S	2024555	                  Virgibacillus profundi
  0.00	1	1	S	403957	                  Virgibacillus sp. SK37
  0.01	2	0	G	150247	                Anoxybacillus
  0.01	2	2	S	1895648	                  Anoxybacillus sp. UARK-01
  0.00	1	0	G	1494958	                Pseudogracilibacillus
  0.00	1	1	S	1494959	                  Pseudogracilibacillus auburnensis
  0.06	25	0	F	186820	              Listeriaceae
  0.06	24	0	G	1637	                Listeria
  0.06	24	24	S	1639	                  Listeria monocytogenes
  0.00	1	0	G	2755	                Brochothrix
  0.00	1	1	S	2756	                  Brochothrix thermosphacta
  0.04	14	0	F	186822	              Paenibacillaceae
  0.04	14	3	G	44249	                Paenibacillus
  0.03	11	11	S	2211212	                  Paenibacillus sp. DCT19
  1.03	401	5	O	186826	            Lactobacillales
  0.59	228	0	F	33958	              Lactobacillaceae
  0.59	228	194	G	1578	                Lactobacillus
  0.03	12	0	S	1587	                  Lactobacillus helveticus
  0.03	12	12	S1	880633	                    Lactobacillus helveticus R0052
  0.02	6	6	S	508451	                  Lactobacillus taiwanensis
  0.01	3	0	S	679249	                  Lactobacillus floricola
  0.01	3	3	S1	1423744	                    Lactobacillus floricola DSM 23037 = JCM 16512
  0.01	3	0	G1	655183	                  Lactobacillus casei group
  0.01	3	3	S	1597	                    Lactobacillus paracasei
  0.01	2	2	S	227942	                  Lactobacillus gastricus
  0.01	2	2	S	1624	                  Lactobacillus salivarius
  0.00	1	0	S	1584	                  Lactobacillus delbrueckii
  0.00	1	0	S1	1585	                    Lactobacillus delbrueckii subsp. bulgaricus
  0.00	1	1	S2	390333	                      Lactobacillus delbrueckii subsp. bulgaricus ATCC 11842 = JCM 1002
  0.00	1	0	S	1623	                  Lactobacillus ruminis
  0.00	1	1	S1	1069534	                    Lactobacillus ruminis ATCC 27782
  0.00	1	0	S	1203033	                  Lactobacillus hominis
  0.00	1	1	S1	1423758	                    Lactobacillus hominis DSM 23910 = CRBIP 24.179
  0.00	1	1	S	1613	                  Lactobacillus fermentum
  0.00	1	1	S	1581136	                  Lactobacillus sp. HMSC08B12
  0.00	1	1	S	33959	                  Lactobacillus johnsonii
  0.39	152	0	F	1300	              Streptococcaceae
  0.32	125	0	G	1357	                Lactococcus
  0.32	124	113	S	1358	                  Lactococcus lactis
  0.03	11	11	S1	1359	                    Lactococcus lactis subsp. cremoris
  0.00	1	1	S	2169526	                  Lactococcus termiticola
  0.07	27	0	G	1301	                Streptococcus
  0.04	17	12	S	1313	                  Streptococcus pneumoniae
  0.00	1	1	S1	760871	                    Streptococcus pneumoniae 5652-06
  0.00	1	1	S1	1159092	                    Streptococcus pneumoniae PNI0010
  0.00	1	1	S1	760867	                    Streptococcus pneumoniae 8190-05
  0.00	1	1	S1	760745	                    Streptococcus pneumoniae GA04175
  0.00	1	1	S1	869311	                    Streptococcus pneumoniae SPN032672
  0.01	3	3	S	1825069	                  Streptococcus marmotae
  0.01	2	2	S	1311	                  Streptococcus agalactiae
  0.00	1	0	S	1314	                  Streptococcus pyogenes
  0.00	1	1	S1	1390080	                    Streptococcus pyogenes SP5-LAU
  0.00	1	0	S	1341	                  Streptococcus ratti
  0.00	1	1	S1	699248	                    Streptococcus ratti FA-1 = DSM 20564
  0.00	1	0	S	1349	                  Streptococcus uberis
  0.00	1	1	S1	1450185	                    Streptococcus uberis C8329
  0.00	1	0	G1	119603	                  Streptococcus dysgalactiae group
  0.00	1	0	S	1334	                    Streptococcus dysgalactiae
  0.00	1	0	S1	119602	                      Streptococcus dysgalactiae subsp. equisimilis
  0.00	1	1	S2	759913	                        Streptococcus dysgalactiae subsp. equisimilis AC-2713
  0.00	1	0	S	1308	                  Streptococcus thermophilus
  0.00	1	1	S1	322159	                    Streptococcus thermophilus LMD-9
  0.02	9	0	F	81852	              Enterococcaceae
  0.02	9	0	G	1350	                Enterococcus
  0.02	6	6	S	1352	                  Enterococcus faecium
  0.01	3	3	S	1351	                  Enterococcus faecalis
  0.01	3	1	F	186827	              Aerococcaceae
  0.01	2	0	G	1375	                Aerococcus
  0.01	2	2	S	128944	                  Aerococcus urinaehominis
  0.01	3	0	F	186828	              Carnobacteriaceae
  0.01	3	0	G	292480	                Atopostipes
  0.01	3	0	S	180295	                  Atopostipes suicloacalis
  0.01	3	3	S1	1121025	                    Atopostipes suicloacalis DSM 15692
  0.00	1	0	F	81850	              Leuconostocaceae
  0.00	1	0	G	46255	                Weissella
  0.00	1	1	S	1616	                  Weissella kandleri
  0.63	246	0	C	186801	          Clostridia
  0.63	246	3	O	186802	            Clostridiales
  0.37	145	0	F	186804	              Peptostreptococcaceae
  0.37	145	0	G	1870884	                Clostridioides
  0.37	145	145	S	1496	                  Clostridioides difficile
  0.22	87	1	F	186803	              Lachnospiraceae
  0.22	84	84	G	33042	                Coprococcus
  0.00	1	0	G	830	                Butyrivibrio
  0.00	1	0	S	45851	                  Butyrivibrio crossotus
  0.00	1	1	S1	511680	                    Butyrivibrio crossotus DSM 2876
  0.00	1	0	G	43996	                Catonella
  0.00	1	0	S	43997	                  Catonella morbi
  0.00	1	1	S1	592026	                    Catonella morbi ATCC 51271
  0.01	4	0	O1	538999	              Clostridiales incertae sedis
  0.01	2	0	F	543313	                Clostridiales Family XII. Incertae Sedis
  0.01	2	0	G	76008	                  Fusibacter
  0.01	2	2	S	2283630	                    Fusibacter sp. A1
  0.01	2	0	F	543314	                Clostridiales Family XIII. Incertae Sedis
  0.00	1	0	S	51123	                  [Eubacterium] saphenum
  0.00	1	1	S1	592031	                    Eubacterium saphenum ATCC 49989
  0.00	1	0	F1	1284678	                  unclassified Clostridiales Family XIII. Incertae Sedis
  0.00	1	1	S	1230734	                    Clostridiales bacterium S5-A14a
  0.01	3	0	F	31979	              Clostridiaceae
  0.01	3	0	G	1485	                Clostridium
  0.01	3	2	S	1491	                  Clostridium botulinum
  0.00	1	1	S1	1443128	                    Clostridium botulinum C/D str. DC5
  0.01	3	1	F	541000	              Ruminococcaceae
  0.01	2	0	G	52784	                Anaerofilum
  0.01	2	2	S	1965588	                  Anaerofilum sp. An201
  0.00	1	0	F	186806	              Eubacteriaceae
  0.00	1	1	G	33951	                Acetobacterium
  0.02	6	0	C	1737404	          Tissierellia
  0.02	6	0	O	1737405	            Tissierellales
  0.02	6	0	F	2042895	              Gottschalkiaceae
  0.02	6	0	G	2042899	                Andreesenia
  0.02	6	6	S	39480	                  Andreesenia angusta
  0.08	30	0	D2	1798711	        Cyanobacteria/Melainabacteria group
  0.08	30	5	P	1117	          Cyanobacteria
  0.03	13	0	O	1890424	            Synechococcales
  0.02	9	0	F	1213	              Prochloraceae
  0.02	9	0	G	1218	                Prochlorococcus
  0.02	9	0	S	1219	                  Prochlorococcus marinus
  0.02	9	9	S1	59920	                    Prochlorococcus marinus str. NATL2A
  0.01	4	0	F	2303730	              Prochlorotrichaceae
  0.01	4	0	G	1222	                Prochlorothrix
  0.01	4	0	S	1223	                  Prochlorothrix hollandica
  0.01	4	4	S1	317619	                    Prochlorothrix hollandica PCC 9006 = CALU 1027
  0.03	12	0	C	307596	            Gloeobacteria
  0.03	12	0	O	307595	              Gloeobacterales
  0.03	12	0	F	1890422	                Gloeobacteraceae
  0.03	12	12	G	33071	                  Gloeobacter
  0.02	6	0	P	200795	        Chloroflexi
  0.01	3	0	C	292625	          Anaerolineae
  0.01	3	0	O	292629	            Anaerolineales
  0.01	3	0	F	292628	              Anaerolineaceae
  0.01	3	1	G	233189	                Anaerolinea
  0.01	2	2	S	229919	                  Anaerolinea thermolimosa
  0.01	2	0	C	1495646	          Thermoflexia
  0.01	2	0	O	1495647	            Thermoflexales
  0.01	2	0	F	1495648	              Thermoflexaceae
  0.01	2	0	G	1495649	                Thermoflexus
  0.01	2	2	S	1495650	                  Thermoflexus hugenholtzii
  0.00	1	0	C	32061	          Chloroflexia
  0.00	1	0	O	32064	            Chloroflexales
  0.00	1	0	O1	1508594	              Chloroflexineae
  0.00	1	0	F	104174	                Oscillochloridaceae
  0.00	1	1	G	1579476	                  Candidatus Chloroploca
  0.02	6	0	P	544448	        Tenericutes
  0.02	6	0	C	31969	          Mollicutes
  0.01	4	0	O	2085	            Mycoplasmatales
  0.01	4	0	F	2092	              Mycoplasmataceae
  0.01	4	3	G	2093	                Mycoplasma
  0.00	1	1	S	33922	                  Mycoplasma agassizii
  0.01	2	0	O	186329	            Acholeplasmatales
  0.01	2	2	F	2146	              Acholeplasmataceae
  0.01	2	0	P	1297	        Deinococcus-Thermus
  0.01	2	0	C	188787	          Deinococci
  0.01	2	0	O	118964	            Deinococcales
  0.01	2	0	F	183710	              Deinococcaceae
  0.01	2	1	G	1298	                Deinococcus
  0.00	1	0	S	392413	                  Deinococcus misasensis
  0.00	1	1	S1	1121382	                    Deinococcus misasensis DSM 22328
 13.00	5057	2335	P	1224	      Proteobacteria
  5.21	2027	132	C	1236	        Gammaproteobacteria
  2.11	821	1	O	135614	          Xanthomonadales
  1.73	673	3	F	1775411	            Rhodanobacteraceae
  1.20	468	464	G	231454	              Dyella
  0.01	3	3	S	2501295	                Dyella sp. M7H15-1
  0.00	1	1	S	1938897	                Dyella sp. AtDHG13
  0.47	181	177	G	75309	              Rhodanobacter
  0.01	4	4	S	666685	                Rhodanobacter denitrificans
  0.02	9	0	G	1544982	              Mizugakiibacter
  0.02	9	9	S	1475481	                Mizugakiibacter sediminis
  0.02	8	0	G	1649642	              Oleiagrimonas
  0.02	8	8	S	1926883	                Oleiagrimonas sp. MCCC 1A03011
  0.01	3	0	G	323413	              Dokdonella
  0.01	3	3	S	578942	                Dokdonella immobilis
  0.00	1	0	G	2233801	              Ahniella
  0.00	1	1	S	2021234	                Ahniella affigens
  0.38	147	2	F	32033	            Xanthomonadaceae
  0.34	131	106	G	40323	              Stenotrophomonas
  0.05	21	0	G1	995085	                Stenotrophomonas maltophilia group
  0.05	21	18	S	40324	                  Stenotrophomonas maltophilia
  0.01	3	3	S1	1163399	                    Stenotrophomonas maltophilia D457
  0.01	4	4	S	1915389	                Stenotrophomonas sp. KAs 5-3
  0.03	11	0	G	2370	              Xylella
  0.03	11	11	S	2371	                Xylella fastidiosa
  0.01	3	0	G	338	              Xanthomonas
  0.01	2	0	S	347	                Xanthomonas oryzae
  0.01	2	2	S1	64187	                  Xanthomonas oryzae pv. oryzae
  0.00	1	1	S	56448	                Xanthomonas arboricola
  1.93	750	6	O	91347	          Enterobacterales
  1.33	516	52	F	543	            Enterobacteriaceae
  0.93	363	23	G	413496	              Cronobacter
  0.33	128	128	S	28141	                Cronobacter sakazakii
  0.27	105	105	S	413503	                Cronobacter malonaticus
  0.20	77	77	S	413497	                Cronobacter dublinensis
  0.08	30	30	S	413502	                Cronobacter turicensis
  0.11	44	0	G	561	              Escherichia
  0.11	44	35	S	562	                Escherichia coli
  0.01	3	3	S1	1444061	                  Escherichia coli 6-175-07_S1_C1
  0.01	2	2	S1	1116041	                  Escherichia coli P0299438.6
  0.00	1	1	S1	1444217	                  Escherichia coli 1-182-04_S4_C1
  0.00	1	1	S1	868201	                  Escherichia coli DEC14A
  0.00	1	1	S1	1151226	                  Escherichia coli B26-2
  0.00	1	1	S1	1151216	                  Escherichia coli B7-2
  0.06	25	0	G	570	              Klebsiella
  0.06	24	4	S	573	                Klebsiella pneumoniae
  0.05	20	18	S1	72407	                  Klebsiella pneumoniae subsp. pneumoniae
  0.01	2	2	S2	1094170	                    Klebsiella pneumoniae subsp. pneumoniae KPNIH10
  0.00	1	0	S	571	                Klebsiella oxytoca
  0.00	1	1	S1	1421015	                  Klebsiella oxytoca TDB-1
  0.05	20	0	G	590	              Salmonella
  0.05	20	5	S	28901	                Salmonella enterica
  0.04	15	11	S1	59201	                  Salmonella enterica subsp. enterica
  0.01	2	2	S2	90371	                    Salmonella enterica subsp. enterica serovar Typhimurium
  0.00	1	1	S2	340190	                    Salmonella enterica subsp. enterica serovar Schwarzengrund
  0.00	1	0	S2	1242084	                    Salmonella enterica subsp. enterica serovar Krefeld
  0.00	1	1	S3	1242106	                      Salmonella enterica subsp. enterica serovar Krefeld str. SA20030536
  0.01	5	0	G	544	              Citrobacter
  0.01	5	0	G1	1344959	                Citrobacter freundii complex
  0.01	5	5	S	546	                  Citrobacter freundii
  0.01	4	0	G	620	              Shigella
  0.01	4	4	S	624	                Shigella sonnei
  0.01	2	0	G	1330547	              Kosakonia
  0.00	1	1	S	208223	                Kosakonia cowanii
  0.00	1	1	S	1005665	                Kosakonia oryzendophytica
  0.00	1	0	G	547	              Enterobacter
  0.00	1	1	S	881260	                Enterobacter bugandensis
  0.50	195	0	F	1903410	            Pectobacteriaceae
  0.50	194	0	G	122277	              Pectobacterium
  0.50	193	193	S	554	                Pectobacterium carotovorum
  0.00	1	1	S	1905730	                Pectobacterium parmentieri
  0.00	1	0	G	84565	              Sodalis
  0.00	1	0	S	1486991	                Candidatus Sodalis pierantonius
  0.00	1	1	S1	2342	                  Candidatus Sodalis pierantonius str. SOPE
  0.06	24	0	F	1903411	            Yersiniaceae
  0.04	17	0	G	613	              Serratia
  0.04	17	17	S	615	                Serratia marcescens
  0.02	7	4	G	629	              Yersinia
  0.01	3	0	G1	1649845	                Yersinia pseudotuberculosis complex
  0.01	2	2	S	633	                  Yersinia pseudotuberculosis
  0.00	1	0	S	632	                  Yersinia pestis
  0.00	1	0	S1	385964	                    Yersinia pestis subsp. pestis
  0.00	1	0	S2	1234661	                      Yersinia pestis subsp. pestis bv. Orientalis
  0.00	1	1	S3	404214	                        Yersinia pestis biovar Orientalis str. F1991016
  0.02	8	0	F	1903414	            Morganellaceae
  0.01	3	0	G	637	              Arsenophonus
  0.01	2	2	S	235559	                Arsenophonus endosymbiont of Aleurodicus dispersus
  0.00	1	1	S	2152761	                Arsenophonus endosymbiont of Aleurodicus floccissimus
  0.01	2	0	G	583	              Proteus
  0.01	2	2	S	584	                Proteus mirabilis
  0.01	2	0	G	29487	              Photorhabdus
  0.01	2	2	S	29488	                Photorhabdus luminescens
  0.00	1	0	G	586	              Providencia
  0.00	1	1	S	126385	                Providencia alcalifaciens
  0.00	1	0	F	1903409	            Erwiniaceae
  0.00	1	0	G	32199	              Buchnera
  0.00	1	0	S	9	                Buchnera aphidicola
  0.00	1	1	S1	118110	                  Buchnera aphidicola (Schlechtendalia chinensis)
  0.47	183	0	O	72274	          Pseudomonadales
  0.45	174	1	F	468	            Moraxellaceae
  0.44	171	150	G	469	              Acinetobacter
  0.03	12	0	G1	909768	                Acinetobacter calcoaceticus/baumannii complex
  0.02	9	7	S	470	                  Acinetobacter baumannii
  0.01	2	2	S1	1224141	                    Acinetobacter baumannii ZWS1219
  0.00	1	1	S	1310800	                  Acinetobacter sp. 1000160
  0.00	1	0	S	48296	                  Acinetobacter pittii
  0.00	1	1	S1	871585	                    Acinetobacter pittii PHEA-2
  0.00	1	1	S	106654	                  Acinetobacter nosocomialis
  0.01	3	2	S	40215	                Acinetobacter junii
  0.00	1	1	S1	1217664	                  Acinetobacter junii CIP 64.5
  0.01	2	0	S	29430	                Acinetobacter haemolyticus
  0.01	2	2	S1	1217986	                  Acinetobacter haemolyticus NIPH 261
  0.00	1	1	S	40214	                Acinetobacter johnsonii
  0.00	1	1	S	756892	                Acinetobacter indicus
  0.00	1	1	S	2006115	                Acinetobacter piscicola
  0.00	1	0	S	108981	                Acinetobacter schindleri
  0.00	1	1	S1	1217675	                  Acinetobacter schindleri NIPH 900
  0.01	2	0	G	475	              Moraxella
  0.00	1	0	S	765840	                Moraxella macacae
  0.00	1	1	S1	1230338	                  Moraxella macacae 0408225
  0.00	1	1	S	90241	                Moraxella lincolnii
  0.02	9	0	F	135621	            Pseudomonadaceae
  0.02	9	0	G	286	              Pseudomonas
  0.02	7	0	G1	136841	                Pseudomonas aeruginosa group
  0.02	7	7	S	287	                  Pseudomonas aeruginosa
  0.00	1	1	S	1302376	                Candidatus Pseudomonas adelgestsugas
  0.00	1	1	S	104087	                Pseudomonas frederiksbergensis
  0.15	58	0	O	135623	          Vibrionales
  0.15	58	0	F	641	            Vibrionaceae
  0.15	57	8	G	662	              Vibrio
  0.12	47	0	G1	717610	                Vibrio harveyi group
  0.11	43	43	S	670	                  Vibrio parahaemolyticus
  0.01	3	3	S	190895	                  Vibrio rotiferianus
  0.00	1	1	S	680	                  Vibrio campbellii
  0.00	1	0	S	666	                Vibrio cholerae
  0.00	1	1	S1	991937	                  Vibrio cholerae HC-1A2
  0.00	1	0	S	47951	                Vibrio cyclitrophicus
  0.00	1	1	S1	1136176	                  Vibrio cyclitrophicus ZF270
  0.00	1	0	G	657	              Photobacterium
  0.00	1	1	S	875932	                Photobacterium sanguinicancri
  0.12	45	0	O	135624	          Aeromonadales
  0.12	45	0	F	84642	            Aeromonadaceae
  0.12	45	1	G	642	              Aeromonas
  0.11	44	0	S	645	                Aeromonas salmonicida
  0.11	44	0	S1	29491	                  Aeromonas salmonicida subsp. salmonicida
  0.11	44	44	S2	1076135	                    Aeromonas salmonicida subsp. salmonicida 01-B526
  0.03	11	11	O	135613	          Chromatiales
  0.02	9	0	O	135622	          Alteromonadales
  0.02	8	0	F	267890	            Shewanellaceae
  0.02	8	0	G	22	              Shewanella
  0.02	6	6	S	38313	                Shewanella algae
  0.00	1	1	S	24	                Shewanella putrefaciens
  0.00	1	1	S	2059264	                Shewanella sp. Pdp11
  0.00	1	0	F	72275	            Alteromonadaceae
  0.00	1	0	G	1621534	              Paraglaciecola
  0.00	1	0	S	326544	                Paraglaciecola psychrophila
  0.00	1	1	S1	1129794	                  Paraglaciecola psychrophila 170
  0.02	6	0	O	135619	          Oceanospirillales
  0.01	4	0	F	28256	            Halomonadaceae
  0.01	4	0	G	404432	              Salinicola
  0.01	4	4	S	1928762	                Salinicola sp. MH3R3-1
  0.00	1	1	F	135620	            Oceanospirillaceae
  0.00	1	1	F	2066474	            Endozoicomonadaceae
  0.02	6	0	O	1706369	          Cellvibrionales
  0.01	3	0	F	1706373	            Microbulbiferaceae
  0.01	3	0	G	48073	              Microbulbifer
  0.01	3	3	S	1785091	                Microbulbifer sp. Q7
  0.01	2	0	F	1706374	            Porticoccaceae
  0.01	2	0	G	1123967	              Porticoccus
  0.01	2	0	S	1073414	                Porticoccus hydrocarbonoclasticus
  0.01	2	2	S1	1415778	                  Porticoccus hydrocarbonoclasticus MCTG13d
  0.00	1	0	F	1706375	            Spongiibacteraceae
  0.00	1	0	G	630749	              Spongiibacter
  0.00	1	1	S	1620392	                Spongiibacter sp. IMCC21906
  0.01	4	0	O	135625	          Pasteurellales
  0.01	4	0	F	712	            Pasteurellaceae
  0.01	4	0	G	724	              Haemophilus
  0.01	4	4	S	727	                Haemophilus influenzae
  0.00	1	0	O	72273	          Thiotrichales
  0.00	1	1	F	2056687	            Fastidiosibacteraceae
  0.00	1	0	O	1775403	          Nevskiales
  0.00	1	0	F	1266054	            Algiphilaceae
  0.00	1	0	G	1266053	              Algiphilus
  0.00	1	0	S	382454	                Algiphilus aromaticivorans
  0.00	1	1	S1	1415780	                  Algiphilus aromaticivorans DG1253
  1.60	621	41	C	28211	        Alphaproteobacteria
  0.66	256	27	O	356	          Rhizobiales
  0.11	43	0	F	118882	            Brucellaceae
  0.11	42	0	G	234	              Brucella
  0.08	31	31	S	235	                Brucella abortus
  0.02	8	0	S	29459	                Brucella melitensis
  0.02	8	0	S1	645169	                  Brucella melitensis bv. 2
  0.02	8	8	S2	520465	                    Brucella melitensis bv. 2 str. 63/9
  0.01	3	0	S	29461	                Brucella suis
  0.01	3	3	S1	1170703	                  Brucella suis 01-5744
  0.00	1	0	G	528	              Ochrobactrum
  0.00	1	0	S	94625	                Ochrobactrum intermedium
  0.00	1	1	S1	1337887	                  Ochrobactrum intermedium 229E
  0.10	39	0	F	82115	            Rhizobiaceae
  0.05	19	2	G	34019	              Liberibacter
  0.03	10	10	S	309868	                Candidatus Liberibacter americanus
  0.01	4	4	S	34021	                Candidatus Liberibacter asiaticus
  0.01	3	0	S	556287	                Candidatus Liberibacter solanacearum
  0.01	3	3	S1	658172	                  Candidatus Liberibacter solanacearum CLso-ZC1
  0.04	14	4	F1	227290	              Rhizobium/Agrobacterium group
  0.02	7	0	G	379	                Rhizobium
  0.01	5	5	S	2035450	                  Rhizobium sp. J15
  0.00	1	1	S	1184720	                  Rhizobium anhuiense
  0.00	1	0	S	1120045	                  Rhizobium grahamii
  0.00	1	1	S1	990285	                    Rhizobium grahamii CCGE 502
  0.01	3	0	G	357	                Agrobacterium
  0.01	3	0	G1	1183400	                  Agrobacterium tumefaciens complex
  0.01	3	3	S	358	                    Agrobacterium tumefaciens
  0.01	3	0	F1	90141	              unclassified Rhizobiaceae
  0.01	3	3	S	2172049	                Rhizobiaceae bacterium CPCC 101076
  0.01	2	0	F1	227292	              Sinorhizobium/Ensifer group
  0.01	2	0	G	28105	                Sinorhizobium
  0.00	1	0	G1	663276	                  Sinorhizobium fredii group
  0.00	1	0	S	380	                    Sinorhizobium fredii
  0.00	1	1	S1	1128335	                      Sinorhizobium fredii CCBAU 83753
  0.00	1	0	S	382	                  Sinorhizobium meliloti
  0.00	1	1	S1	693982	                    Sinorhizobium meliloti AK83
  0.00	1	0	G	166953	              Kaistia
  0.00	1	0	S	446684	                Kaistia soli
  0.00	1	1	S1	1122133	                  Kaistia soli DSM 19436
  0.08	32	11	F	41294	            Bradyrhizobiaceae
  0.02	8	0	G	374	              Bradyrhizobium
  0.01	5	5	S	551947	                Bradyrhizobium sp. STM 3843
  0.01	3	3	S	108015	                Bradyrhizobium yuanmingense
  0.02	7	0	G	1033	              Afipia
  0.02	7	7	S	1736436	                Afipia sp. Root123D2
  0.01	4	0	G	911	              Nitrobacter
  0.01	4	0	S	912	                Nitrobacter hamburgensis
  0.01	4	4	S1	323097	                  Nitrobacter hamburgensis X14
  0.01	2	0	G	1073	              Rhodopseudomonas
  0.01	2	0	S	1076	                Rhodopseudomonas palustris
  0.01	2	2	S1	316056	                  Rhodopseudomonas palustris BisB18
  0.07	27	1	F	69277	            Phyllobacteriaceae
  0.06	25	1	G	68287	              Mesorhizobium
  0.03	11	11	S	2496743	                Mesorhizobium sp. M7A.F.Ca.US.010.02.1.1
  0.02	9	9	S	2029410	                Mesorhizobium sp. WSM4311
  0.01	3	3	S	381	                Mesorhizobium loti
  0.00	1	1	S	1736555	                Mesorhizobium sp. Root552
  0.00	1	0	G	245876	              Nitratireductor
  0.00	1	1	S	472175	                Nitratireductor basaltis
  0.07	27	0	F	119043	            Rhodobiaceae
  0.07	26	0	G	580880	              Amorphus
  0.07	26	0	S	340680	                Amorphus coralli
  0.07	26	26	S1	1120983	                  Amorphus coralli DSM 19760
  0.00	1	0	G	1358438	              Lutibaculum
  0.00	1	0	S	1358440	                Lutibaculum baratangense
  0.00	1	1	S1	631454	                  Lutibaculum baratangense AMV1
  0.06	22	12	F	335928	            Xanthobacteraceae
  0.02	8	8	G	204476	              Labrys
  0.01	2	0	G	433838	              Pseudoxanthobacter
  0.01	2	0	S	433840	                Pseudoxanthobacter soli
  0.01	2	2	S1	1123029	                  Pseudoxanthobacter soli DSM 19599
  0.05	19	0	F	119045	            Methylobacteriaceae
  0.05	19	9	G	407	              Methylobacterium
  0.02	7	7	S	2067957	                Methylobacterium sp. DM1
  0.01	2	2	S	270351	                Methylobacterium aquaticum
  0.00	1	1	S	2051553	                Methylobacterium currus
  0.02	9	3	F	255475	            Aurantimonadaceae
  0.01	3	0	G	217510	              Fulvimarina
  0.01	3	3	S	937218	                Fulvimarina manganoxydans
  0.01	3	0	G	414371	              Aureimonas
  0.01	3	3	S	424757	                Aureimonas frigidaquae
  0.01	5	0	F	31993	            Methylocystaceae
  0.01	4	0	G	444599	              Hansschlegelia
  0.01	4	4	S	405005	                Hansschlegelia zhihuaiae
  0.00	1	1	G	425	              Methylosinus
  0.01	3	0	F	45401	            Hyphomicrobiaceae
  0.01	3	3	G	81	              Hyphomicrobium
  0.00	1	0	O1	119042	            unclassified Rhizobiales
  0.00	1	0	G	1734920	              Pseudorhodoplanes
  0.00	1	1	S	1235591	                Pseudorhodoplanes sinuspersici
  0.00	1	0	F	772	            Bartonellaceae
  0.00	1	1	G	773	              Bartonella
  0.00	1	0	F	2036754	            Chelatococcaceae
  0.00	1	1	G	28209	              Chelatococcus
  0.58	226	0	O	204457	          Sphingomonadales
  0.58	224	7	F	41297	            Sphingomonadaceae
  0.38	147	79	G	13687	              Sphingomonas
  0.16	63	63	S	1736343	                Sphingomonas sp. Leaf339
  0.01	2	2	S	1888892	                Sphingomonas turrisvirgatae
  0.00	1	1	S	1736345	                Sphingomonas sp. Leaf343
  0.00	1	1	S	685778	                Sphingomonas sp. PR090111-T3T-6A
  0.00	1	1	S	1141890	                Sphingomonas guangdongensis
  0.15	60	58	G	165697	              Sphingopyxis
  0.01	2	2	S	2012632	                Sphingopyxis sp. GW247-27LB
  0.01	4	0	G	150203	              Blastomonas
  0.01	4	4	S	2217673	                Blastomonas sp. UPD001
  0.01	2	0	G	165695	              Sphingobium
  0.01	2	2	S	627192	                Sphingobium sp. SYK-6
  0.01	2	0	G	1434046	              Sphingorhabdus
  0.01	2	2	S	1922222	                Sphingorhabdus sp. Alg231-15
  0.00	1	0	G	165696	              Novosphingobium
  0.00	1	1	S	1117702	                Novosphingobium fuchskuhlense
  0.00	1	1	G	335405	              Sphingosinicella
  0.01	2	1	F	335929	            Erythrobacteraceae
  0.00	1	0	G	1111	              Porphyrobacter
  0.00	1	0	S	196588	                Porphyrobacter cryptus
  0.00	1	1	S1	1122970	                  Porphyrobacter cryptus DSM 12079
  0.07	27	0	O	204455	          Rhodobacterales
  0.07	27	7	F	31989	            Rhodobacteraceae
  0.03	10	0	G	60136	              Sulfitobacter
  0.03	10	10	S	2070369	                Sulfitobacter sp. JL08
  0.01	4	0	G	97050	              Ruegeria
  0.01	4	4	S	644076	                Silicibacter sp. TrichCH4B
  0.01	3	0	G	295418	              Rubellimicrobium
  0.01	3	0	S	295419	                Rubellimicrobium thermophilum
  0.01	3	3	S1	1123069	                  Rubellimicrobium thermophilum DSM 16684
  0.00	1	0	G	152161	              Stappia
  0.00	1	1	S	1317123	                Stappia sp. 22II-S9-Z10
  0.00	1	0	G	663242	              Albimonas
  0.00	1	1	S	1114924	                Albimonas pacifica
  0.00	1	0	G	263377	              Salipiger
  0.00	1	0	S	344736	                Salipiger bermudensis
  0.00	1	1	S1	314265	                  Salipiger bermudensis HTCC2601
  0.07	26	0	O	204441	          Rhodospirillales
  0.05	20	2	F	433	            Acetobacteraceae
  0.03	11	0	G	153497	              Kozakia
  0.03	11	11	S	153496	                Kozakia baliensis
  0.02	7	0	G	93	              Stella
  0.02	7	7	S	94	                Stella humosa
  0.02	6	1	F	41295	            Rhodospirillaceae
  0.01	3	0	G	191	              Azospirillum
  0.01	3	3	S	95605	                Azospirillum sp. B4
  0.00	1	0	G	1081	              Rhodospirillum
  0.00	1	1	S	1085	                Rhodospirillum rubrum
  0.00	1	0	G	171436	              Tistrella
  0.00	1	0	S	171437	                Tistrella mobilis
  0.00	1	1	S1	1110502	                  Tistrella mobilis KA081020-065
  0.05	18	0	O	766	          Rickettsiales
  0.03	11	0	F	942	            Anaplasmataceae
  0.02	7	7	G	943	              Ehrlichia
  0.01	2	0	G	33993	              Neorickettsia
  0.01	2	0	S	33994	                Neorickettsia helminthoeca
  0.01	2	2	S1	1286528	                  Neorickettsia helminthoeca str. Oregon
  0.00	1	1	G	768	              Anaplasma
  0.00	1	0	F1	952	              Wolbachieae
  0.00	1	1	G	953	                Wolbachia
  0.02	6	6	F	775	            Rickettsiaceae
  0.00	1	0	F	1328881	            Candidatus Midichloriaceae
  0.00	1	0	G	411566	              Candidatus Midichloria
  0.00	1	0	S	234827	                Candidatus Midichloria mitochondrii
  0.00	1	1	S1	696127	                  Candidatus Midichloria mitochondrii IricVA
  0.02	6	0	C1	82117	          unclassified Alphaproteobacteria
  0.01	5	0	C2	33807	            unclassified Alphaproteobacteria (miscellaneous)
  0.01	5	5	S	2341112	              Alphaproteobacteria bacterium WS11
  0.00	1	0	G	1632780	            Phreatobacter
  0.00	1	1	S	1868589	              Phreatobacter cathodiphilus
  0.02	6	6	O	1191478	          Magnetococcales
  0.02	6	0	O	1921002	          Holosporales
  0.02	6	3	F	1777752	            Candidatus Paracaedibacteraceae
  0.01	2	0	G	1521255	              Candidatus Paracaedibacter
  0.01	2	2	S	244582	                Candidatus Paracaedibacter symbiosus
  0.00	1	0	G	1777753	              Candidatus Finniella
  0.00	1	1	S	1696036	                Candidatus Finniella inopinata
  0.01	4	0	O	597358	          Kiloniellales
  0.01	4	0	F	597359	            Kiloniellaceae
  0.01	4	4	G	454159	              Kiloniella
  0.01	2	0	O	204458	          Caulobacterales
  0.01	2	0	F	76892	            Caulobacteraceae
  0.01	2	0	F1	81440	              unclassified Caulobacteraceae
  0.01	2	2	S	1759059	                Caulobacteraceae bacterium OTSz_A_272
  0.01	2	0	O	2066490	          Emcibacterales
  0.01	2	0	F	2066491	            Emcibacteraceae
  0.01	2	0	G	1602338	              Emcibacter
  0.01	2	2	S	2043170	                Emcibacter congregatus
  0.00	1	0	O	362534	          Kordiimonadales
  0.00	1	0	F	1331809	            Kordiimonadaceae
  0.00	1	0	G	1434000	              Eilatimonas
  0.00	1	1	S	911205	                Eilatimonas milleporae
  0.16	61	4	C	28216	        Betaproteobacteria
  0.09	35	1	O	80840	          Burkholderiales
  0.04	15	1	F	80864	            Comamonadaceae
  0.03	12	0	F1	83494	              unclassified Comamonadaceae
  0.03	12	12	S	2029116	                Comamonadaceae bacterium NML00-0135
  0.01	2	0	G	80865	              Delftia
  0.01	2	2	S	180282	                Delftia tsuruhatensis
  0.03	12	0	O1	119065	            unclassified Burkholderiales
  0.03	12	0	O2	224471	              Burkholderiales Genera incertae sedis
  0.03	10	0	G	114248	                Tepidimonas
  0.03	10	10	S	1101373	                  Tepidimonas fonticaldi
  0.01	2	2	G	32012	                Thiomonas
  0.01	3	0	F	506	            Alcaligenaceae
  0.01	3	0	G	517	              Bordetella
  0.01	3	3	S	521	                Bordetella avium
  0.01	3	0	F	119060	            Burkholderiaceae
  0.01	2	0	G	32008	              Burkholderia
  0.01	2	0	G1	111527	                pseudomallei group
  0.01	2	2	S	13373	                  Burkholderia mallei
  0.00	1	0	G	48736	              Ralstonia
  0.00	1	1	S	105219	                Ralstonia mannitolilytica
  0.00	1	0	F	75682	            Oxalobacteraceae
  0.00	1	0	G	149698	              Massilia
  0.00	1	1	S	1707785	                Massilia sp. WG5
  0.04	15	0	O	206351	          Neisseriales
  0.03	13	0	F	481	            Neisseriaceae
  0.03	10	0	G	482	              Neisseria
  0.03	10	10	S	487	                Neisseria meningitidis
  0.01	3	0	G	1193515	              Snodgrassella
  0.01	3	3	S	1196083	                Snodgrassella alvi
  0.01	2	0	F	1499392	            Chromobacteriaceae
  0.00	1	0	G	83764	              Formivibrio
  0.00	1	1	S	83765	                Formivibrio citricus
  0.00	1	0	G	397275	              Andreprevotia
  0.00	1	0	S	1121000	                Andreprevotia lacus
  0.00	1	1	S1	1121001	                  Andreprevotia lacus DSM 23236
  0.02	6	0	C1	119066	          unclassified Betaproteobacteria
  0.02	6	0	G	189384	            Candidatus Tremblaya
  0.02	6	6	S	1010676	              Candidatus Tremblaya phenacola
  0.00	1	0	O	32003	          Nitrosomonadales
  0.00	1	0	O1	1660158	            unclassified Nitrosomonadales
  0.00	1	0	O2	1233498	              OM43 clade
  0.00	1	1	S	383631	                Methylophilales bacterium HTCC2181
  0.03	11	0	P1	68525	        delta/epsilon subdivisions
  0.02	9	0	C	28221	          Deltaproteobacteria
  0.01	3	0	O	213118	            Desulfobacterales
  0.01	2	0	F	213121	              Desulfobulbaceae
  0.01	2	0	G	429014	                Desulfopila
  0.01	2	0	S	231440	                  Desulfopila aestuarii
  0.01	2	2	S1	1121416	                    Desulfopila aestuarii DSM 18488
  0.00	1	0	F	213119	              Desulfobacteraceae
  0.00	1	0	G	497742	                Desulfatirhabdium
  0.00	1	0	S	340467	                  Desulfatirhabdium butyrativorans
  0.00	1	1	S1	1121394	                    Desulfatirhabdium butyrativorans DSM 18734
  0.01	2	0	O	29	            Myxococcales
  0.01	2	0	O1	224462	              Nannocystineae
  0.01	2	0	F	224463	                Nannocystaceae
  0.01	2	0	G	53	                  Nannocystis
  0.01	2	2	S	54	                    Nannocystis exedens
  0.01	2	0	O	69541	            Desulfuromonadales
  0.01	2	0	F	213421	              Desulfuromonadaceae
  0.00	1	0	G	18	                Pelobacter
  0.00	1	1	S	29542	                  Pelobacter acetylenicus
  0.00	1	0	G	890	                Desulfuromonas
  0.00	1	1	S	1823759	                  Desulfuromonas sp. DDH964
  0.01	2	0	O	213115	            Desulfovibrionales
  0.01	2	0	F	194924	              Desulfovibrionaceae
  0.01	2	0	G	872	                Desulfovibrio
  0.01	2	0	S	42252	                  Desulfovibrio termitidis
  0.01	2	2	S1	644897	                    Desulfovibrio termitidis HI1
  0.01	2	0	C	29547	          Epsilonproteobacteria
  0.01	2	0	O	213849	            Campylobacterales
  0.01	2	0	F	72294	              Campylobacteraceae
  0.01	2	0	G	194	                Campylobacter
  0.01	2	2	S	197	                  Campylobacter jejuni
  0.00	1	1	C	580370	        Zetaproteobacteria
  0.00	1	0	C	1553900	        Oligoflexia
  0.00	1	0	O	213481	          Bdellovibrionales
  0.00	1	0	F	213483	            Bdellovibrionaceae
  0.00	1	0	G	958	              Bdellovibrio
  0.00	1	1	S	959	                Bdellovibrio bacteriovorus
  0.08	33	0	D1	1783270	      FCB group
  0.08	30	0	D2	68336	        Bacteroidetes/Chlorobi group
  0.06	24	0	P	1090	          Chlorobi
  0.06	24	0	C	191410	            Chlorobia
  0.06	24	0	O	191411	              Chlorobiales
  0.06	24	0	F	191412	                Chlorobiaceae
  0.06	24	0	G	100715	                  Chloroherpeton
  0.06	24	0	S	100716	                    Chloroherpeton thalassium
  0.06	24	24	S1	517418	                      Chloroherpeton thalassium ATCC 35110
  0.02	6	0	P	976	          Bacteroidetes
  0.01	5	0	C	117743	            Flavobacteriia
  0.01	5	0	O	200644	              Flavobacteriales
  0.01	5	0	F	49546	                Flavobacteriaceae
  0.01	3	3	G	244698	                  Gillisia
  0.00	1	0	G	59732	                  Chryseobacterium
  0.00	1	1	S	1037377	                    Chryseobacterium viscerum
  0.00	1	0	G	358023	                  Lutibacter
  0.00	1	1	S	1548456	                    Lutibacter sp. SM1352
  0.00	1	0	C	768503	            Cytophagia
  0.00	1	0	O	768507	              Cytophagales
  0.00	1	0	F	1853232	                Hymenobacteraceae
  0.00	1	0	G	323449	                  Pontibacter
  0.00	1	1	S	1317125	                    Pontibacter indicus
  0.01	3	0	P	62680	        Candidatus Marinimicrobia
  0.01	3	3	S	2026760	          Candidatus Marinimicrobia bacterium
  0.01	5	0	D1	2323	      unclassified Bacteria
  0.01	4	0	D2	1783234	        Bacteria candidate phyla
  0.01	3	0	D3	95901	          Candidatus Dependentiae
  0.01	3	0	D4	1104668	            unclassified Candidatus Dependentiae
  0.01	3	3	S	2066483	              Candidatus Dependentiae bacterium (ex Spumella elongata CCAP 955/1)
  0.00	1	1	P	95818	          Candidatus Saccharibacteria
  0.00	1	1	D2	49928	        unclassified Bacteria (miscellaneous)
  0.01	5	0	P	203691	      Spirochaetes
  0.01	5	0	C	203692	        Spirochaetia
  0.01	4	0	O	136	          Spirochaetales
  0.01	4	3	F	137	            Spirochaetaceae
  0.00	1	1	G	157	              Treponema
  0.00	1	0	O	1643686	          Brachyspirales
  0.00	1	0	F	143786	            Brachyspiraceae
  0.00	1	1	G	29521	              Brachyspira
  0.01	4	0	P	74152	      Elusimicrobia
  0.01	4	0	C	641853	        Elusimicrobia
  0.01	4	0	O	641854	          Elusimicrobiales
  0.01	4	0	F	641876	            Elusimicrobiaceae
  0.01	4	4	G	423604	              Elusimicrobium
  0.01	2	0	P	508458	      Synergistetes
  0.01	2	0	C	649775	        Synergistia
  0.01	2	0	O	649776	          Synergistales
  0.01	2	0	F	649777	            Synergistaceae
  0.01	2	2	G	428711	              Jonquetella
  0.00	1	0	P	32066	      Fusobacteria
  0.00	1	0	C	203490	        Fusobacteriia
  0.00	1	0	O	203491	          Fusobacteriales
  0.00	1	0	F	203492	            Fusobacteriaceae
  0.00	1	0	G	848	              Fusobacterium
  0.00	1	0	S	1583098	                Fusobacterium hwasookii
  0.00	1	1	S1	1307442	                  Fusobacterium hwasookii ChDC F174
  0.00	1	0	P	200930	      Deferribacteres
  0.00	1	0	C	68337	        Deferribacteres
  0.00	1	0	O	191393	          Deferribacterales
  0.00	1	1	F	191394	            Deferribacteraceae
  0.00	1	0	D1	1783257	      PVC group
  0.00	1	0	P	203682	        Planctomycetes
  0.00	1	0	C	203683	          Planctomycetia
  0.00	1	0	O	112	            Planctomycetales
  0.00	1	0	F	126	              Planctomycetaceae
  0.00	1	0	G	265487	                Blastopirellula
  0.00	1	1	S	124	                  Blastopirellula marina
