  0.00	1	1	U	0	unclassified
100.00	59175	0	R	1	root
100.00	59175	482	R1	131567	  cellular organisms
 99.13	58663	7509	D	2	    Bacteria
 79.02	46760	16043	P	1224	      Proteobacteria
 34.76	20567	307	C	28211	        Alphaproteobacteria
 30.01	17758	1	O	204457	          Sphingomonadales
 29.97	17733	154	F	41297	            Sphingomonadaceae
 29.62	17528	17302	G	13687	              Sphingomonas
  0.07	43	43	S	1888892	                Sphingomonas turrisvirgatae
  0.07	41	41	S	1985172	                Sphingomonas sp. IBVSS2
  0.06	33	33	S	2315330	                Sphingomonas sp. HMF7854
  0.05	28	28	S	1550073	                Sphingomonas sp. 37zxx
  0.03	18	18	S	1736345	                Sphingomonas sp. Leaf343
  0.03	16	16	S	1141890	                Sphingomonas guangdongensis
  0.03	15	15	S	93064	                Sphingomonas koreensis
  0.02	11	11	S	1166337	                Sphingomonas jatrophae
  0.01	6	6	S	1985879	                Sphingomonas sp. ABOLF
  0.01	5	5	S	1736343	                Sphingomonas sp. Leaf339
  0.01	3	3	S	133190	                Sphingomonas sp. SRS2
  0.01	3	3	S	1735121	                Sphingomonas oleivorans
  0.00	2	2	S	685778	                Sphingomonas sp. PR090111-T3T-6A
  0.00	1	1	S	1628084	                Sphingomonas sp. Sph1(2015)
  0.00	1	1	S	314266	                Sphingomonas sp. SKA58
  0.04	23	0	G	165695	              Sphingobium
  0.03	20	20	S	627192	                Sphingobium sp. SYK-6
  0.01	3	3	S	1461752	                Sphingobium sp. Ant17
  0.02	11	0	G	1434046	              Sphingorhabdus
  0.02	10	10	S	1922222	                Sphingorhabdus sp. Alg231-15
  0.00	1	0	S	394732	                Sphingorhabdus marina
  0.00	1	1	S1	1123272	                  Sphingorhabdus marina DSM 22363
  0.01	8	0	G	541	              Zymomonas
  0.01	8	8	S	542	                Zymomonas mobilis
  0.01	7	4	G	335405	              Sphingosinicella
  0.01	3	3	S	335406	                Sphingosinicella microcystinivorans
  0.00	1	0	G	150203	              Blastomonas
  0.00	1	1	S	2217673	                Blastomonas sp. UPD001
  0.00	1	0	G	165696	              Novosphingobium
  0.00	1	1	S	1117702	                Novosphingobium fuchskuhlense
  0.04	24	11	F	335929	            Erythrobacteraceae
  0.01	7	0	G	361177	              Altererythrobacter
  0.01	6	6	S	645517	                Altererythrobacter namhicola
  0.00	1	1	S	2060312	                Altererythrobacter sp. B11
  0.01	5	1	G	1041	              Erythrobacter
  0.01	4	4	S	1922225	                Erythrobacter sp. Alg231-14
  0.00	1	0	G	1111	              Porphyrobacter
  0.00	1	1	S	2003315	                Porphyrobacter sp. CACIAM 03H1
  2.80	1654	491	O	356	          Rhizobiales
  0.45	267	0	F	118882	            Brucellaceae
  0.45	265	0	G	234	              Brucella
  0.34	202	202	S	235	                Brucella abortus
  0.06	36	0	S	29459	                Brucella melitensis
  0.06	36	0	S1	645169	                  Brucella melitensis bv. 2
  0.06	36	36	S2	520465	                    Brucella melitensis bv. 2 str. 63/9
  0.03	18	0	S	29461	                Brucella suis
  0.03	18	18	S1	1170703	                  Brucella suis 01-5744
  0.02	9	0	S	29460	                Brucella neotomae
  0.02	9	9	S1	520456	                  Brucella neotomae 5K33
  0.00	1	0	G	528	              Ochrobactrum
  0.00	1	0	S	94625	                Ochrobactrum intermedium
  0.00	1	1	S1	1337887	                  Ochrobactrum intermedium 229E
  0.00	1	0	G	1649292	              Falsochrobactrum
  0.00	1	1	S	1293442	                Falsochrobactrum ovis
  0.44	261	0	F	82115	            Rhizobiaceae
  0.18	108	35	F1	227290	              Rhizobium/Agrobacterium group
  0.10	58	9	G	379	                Rhizobium
  0.06	34	34	S	2035450	                  Rhizobium sp. J15
  0.02	11	11	S	1184720	                  Rhizobium anhuiense
  0.00	2	2	S	1523420	                  Rhizobium sp. AAP43
  0.00	2	0	S	1120045	                  Rhizobium grahamii
  0.00	2	2	S1	990285	                    Rhizobium grahamii CCGE 502
  0.03	15	0	G	357	                Agrobacterium
  0.03	15	0	G1	1183400	                  Agrobacterium tumefaciens complex
  0.03	15	15	S	358	                    Agrobacterium tumefaciens
  0.16	96	0	G	34019	              Liberibacter
  0.07	44	36	S	34021	                Candidatus Liberibacter asiaticus
  0.01	8	8	S1	1174529	                  Candidatus Liberibacter asiaticus str. gxpsy
  0.06	35	35	S	309868	                Candidatus Liberibacter americanus
  0.03	17	0	S	556287	                Candidatus Liberibacter solanacearum
  0.03	17	17	S1	658172	                  Candidatus Liberibacter solanacearum CLso-ZC1
  0.06	34	1	F1	227292	              Sinorhizobium/Ensifer group
  0.06	33	0	G	28105	                Sinorhizobium
  0.03	19	0	S	382	                  Sinorhizobium meliloti
  0.03	19	19	S1	693982	                    Sinorhizobium meliloti AK83
  0.02	14	0	G1	663276	                  Sinorhizobium fredii group
  0.02	14	0	S	380	                    Sinorhizobium fredii
  0.02	14	14	S1	1128335	                      Sinorhizobium fredii CCBAU 83753
  0.03	18	0	G	166953	              Kaistia
  0.03	17	0	S	446684	                Kaistia soli
  0.03	17	17	S1	1122133	                  Kaistia soli DSM 19436
  0.00	1	0	S	363259	                Kaistia granuli
  0.00	1	1	S1	1122132	                  Kaistia granuli DSM 23481
  0.01	5	0	F1	90141	              unclassified Rhizobiaceae
  0.01	5	5	S	2172049	                Rhizobiaceae bacterium CPCC 101076
  0.25	149	74	F	41294	            Bradyrhizobiaceae
  0.05	28	0	G	374	              Bradyrhizobium
  0.04	24	24	S	108015	                Bradyrhizobium yuanmingense
  0.01	4	4	S	551947	                Bradyrhizobium sp. STM 3843
  0.04	25	0	G	1033	              Afipia
  0.04	25	25	S	1736436	                Afipia sp. Root123D2
  0.02	13	0	G	911	              Nitrobacter
  0.02	13	0	S	912	                Nitrobacter hamburgensis
  0.02	13	13	S1	323097	                  Nitrobacter hamburgensis X14
  0.02	9	1	G	1073	              Rhodopseudomonas
  0.01	8	0	S	1076	                Rhodopseudomonas palustris
  0.01	7	7	S1	316056	                  Rhodopseudomonas palustris BisB18
  0.00	1	1	S1	316055	                  Rhodopseudomonas palustris BisA53
  0.18	108	9	F	69277	            Phyllobacteriaceae
  0.17	99	10	G	68287	              Mesorhizobium
  0.11	67	67	S	2496743	                Mesorhizobium sp. M7A.F.Ca.US.010.02.1.1
  0.01	7	6	S	381	                Mesorhizobium loti
  0.00	1	1	S1	935546	                  Mesorhizobium loti NZP2037
  0.01	6	6	S	1777867	                Mesorhizobium jarvisii
  0.01	4	4	S	2029410	                Mesorhizobium sp. WSM4311
  0.01	3	3	S	1736555	                Mesorhizobium sp. Root552
  0.00	2	2	S	2496735	                Mesorhizobium sp. M7A.F.Ca.CA.002.12.1.1
  0.16	92	0	F	119043	            Rhodobiaceae
  0.15	89	0	G	580880	              Amorphus
  0.15	89	0	S	340680	                Amorphus coralli
  0.15	89	89	S1	1120983	                  Amorphus coralli DSM 19760
  0.00	2	2	G	643217	              Afifella
  0.00	1	1	G	1742977	              Tepidicaulis
  0.13	75	52	F	335928	            Xanthobacteraceae
  0.04	22	22	G	204476	              Labrys
  0.00	1	1	G	556257	              Pseudolabrys
  0.12	70	0	F	119045	            Methylobacteriaceae
  0.12	69	26	G	407	              Methylobacterium
  0.05	31	31	S	2067957	                Methylobacterium sp. DM1
  0.01	5	5	S	91459	                Methylobacterium sp. B1
  0.01	4	4	S	270351	                Methylobacterium aquaticum
  0.01	3	3	S	2051553	                Methylobacterium currus
  0.00	1	1	G	186650	              Microvirga
  0.07	39	13	F	255475	            Aurantimonadaceae
  0.03	16	0	G	414371	              Aureimonas
  0.01	8	8	S	370622	                Aureimonas altamirensis
  0.01	8	8	S	424757	                Aureimonas frigidaquae
  0.02	10	0	G	217510	              Fulvimarina
  0.02	10	10	S	937218	                Fulvimarina manganoxydans
  0.05	27	1	F	45401	            Hyphomicrobiaceae
  0.02	12	12	G	81	              Hyphomicrobium
  0.01	6	0	G	59282	              Blastochloris
  0.01	6	6	S	1079	                Blastochloris viridis
  0.01	6	0	G	1082930	              Pelagibacterium
  0.01	6	6	S	2248761	                Pelagibacterium sp. IMCC34151
  0.00	1	1	G	46913	              Devosia
  0.00	1	0	G	1121251	              Cucumibacter
  0.00	1	0	S	1121252	                Cucumibacter marinus
  0.00	1	1	S1	422296	                  Cucumibacter marinus DSM 18995
  0.03	18	1	F	31993	            Methylocystaceae
  0.03	15	0	G	444599	              Hansschlegelia
  0.03	15	15	S	405005	                Hansschlegelia zhihuaiae
  0.00	1	1	G	425	              Methylosinus
  0.00	1	1	G	196080	              Terasakiella
  0.03	17	0	F	45404	            Beijerinckiaceae
  0.02	12	0	G	532	              Beijerinckia
  0.02	12	12	S	1882748	                Beijerinckia sp. 28-YEA-48
  0.01	3	0	G	120652	              Methylocella
  0.01	3	3	S	199596	                Methylocella silvestris
  0.00	1	0	G	184923	              Methylocapsa
  0.00	1	0	S	133552	                Methylocapsa acidiphila
  0.00	1	1	S1	395964	                  Methylocapsa acidiphila B2
  0.00	1	0	G	1156568	              Methylovirgula
  0.00	1	1	S	2293567	                Methylovirgula sp. 4M-Z18
  0.03	16	0	F	772	            Bartonellaceae
  0.03	16	7	G	773	              Bartonella
  0.01	7	7	S	1686310	                Bartonella apis
  0.00	1	0	S	395923	                Bartonella rochalimae
  0.00	1	1	S1	685782	                  Bartonella rochalimae ATCC BAA-1498
  0.00	1	0	S	165694	                Bartonella schoenbuchensis
  0.00	1	1	S1	1094496	                  Bartonella schoenbuchensis m07a
  0.03	16	0	F	1643957	            Roseiarcaceae
  0.03	16	0	G	1643958	              Roseiarcus
  0.03	16	16	S	1473586	                Roseiarcus fermentans
  0.01	4	0	O1	119042	            unclassified Rhizobiales
  0.00	2	2	G	1484898	              Methyloceanibacter
  0.00	2	0	G	1734920	              Pseudorhodoplanes
  0.00	2	2	S	1235591	                Pseudorhodoplanes sinuspersici
  0.01	3	0	F	2024981	            Notoacmeibacteraceae
  0.01	3	0	G	2024982	              Notoacmeibacter
  0.01	3	3	S	1876515	                Notoacmeibacter marinus
  0.00	1	0	F	2137278	            Salinarimonadaceae
  0.00	1	0	G	690086	              Salinarimonas
  0.00	1	0	S	552063	                Salinarimonas rosea
  0.00	1	1	S1	1123229	                  Salinarimonas rosea DSM 21201
  0.33	194	0	O	1921002	          Holosporales
  0.33	194	188	F	1777752	            Candidatus Paracaedibacteraceae
  0.01	6	0	G	1521255	              Candidatus Paracaedibacter
  0.01	6	6	S	244582	                Candidatus Paracaedibacter symbiosus
  0.32	187	0	O	204441	          Rhodospirillales
  0.23	137	5	F	41295	            Rhodospirillaceae
  0.11	65	0	G	191	              Azospirillum
  0.11	65	65	S	95605	                Azospirillum sp. B4
  0.02	14	0	G	1081	              Rhodospirillum
  0.02	13	13	S	1085	                Rhodospirillum rubrum
  0.00	1	0	S	34018	                Rhodospirillum centenum
  0.00	1	1	S1	414684	                  Rhodospirillum centenum SW
  0.02	14	0	G	1804663	              Haematospirillum
  0.02	14	14	S	1549855	                Haematospirillum jordaniae
  0.01	8	0	G	171436	              Tistrella
  0.01	8	0	S	171437	                Tistrella mobilis
  0.01	8	8	S1	1110502	                  Tistrella mobilis KA081020-065
  0.01	7	7	G	659693	              Oceanibaculum
  0.01	6	0	G	13134	              Magnetospirillum
  0.01	6	6	S	1285242	                Magnetospirillum marisnigri
  0.01	6	5	G	1091044	              Elstera
  0.00	1	1	S	552518	                Elstera litoralis
  0.01	5	0	G	382513	              Telmatospirillum
  0.01	5	5	S	382514	                Telmatospirillum siberiense
  0.01	3	0	F1	41296	              unclassified Rhodospirillaceae
  0.00	2	2	S	2259643	                Rhodospirillaceae bacterium SYSU D60007
  0.00	1	1	S	2268458	                Rhodospirillaceae bacterium SYSU D60015
  0.00	2	2	G	85265	              Phaeospirillum
  0.00	2	0	G	1612157	              Pararhodospirillum
  0.00	2	0	S	1084	                Pararhodospirillum photometricum
  0.00	2	2	S1	1150469	                  Pararhodospirillum photometricum DSM 122
  0.08	48	10	F	433	            Acetobacteraceae
  0.06	35	0	G	153497	              Kozakia
  0.06	35	35	S	153496	                Kozakia baliensis
  0.00	2	0	G	1223303	              Humitalea
  0.00	2	2	S	990373	                Humitalea rosea
  0.00	1	1	G	522	              Acidiphilium
  0.00	1	1	O1	451274	            unclassified Rhodospirillales
  0.00	1	0	F	2066434	            Geminicoccaceae
  0.00	1	0	G	489140	              Geminicoccus
  0.00	1	0	S	404900	                Geminicoccus roseus
  0.00	1	1	S1	1089551	                  Geminicoccus roseus DSM 18922
  0.29	174	0	O	204455	          Rhodobacterales
  0.29	169	76	F	31989	            Rhodobacteraceae
  0.02	13	0	G	765413	              Pelagicola
  0.02	13	13	S	2175247	                Pelagicola sp. LXJ1103
  0.02	12	0	G	295418	              Rubellimicrobium
  0.02	9	0	S	295419	                Rubellimicrobium thermophilum
  0.02	9	9	S1	1123069	                  Rubellimicrobium thermophilum DSM 16684
  0.01	3	0	S	1123067	                Rubellimicrobium mesophilum
  0.01	3	3	S1	442562	                  Rubellimicrobium mesophilum DSM 19309
  0.02	11	2	G	1060	              Rhodobacter
  0.02	9	9	S	1786003	                Rhodobacter sp. CCB-MM2
  0.02	10	0	F1	58840	              unclassified Rhodobacteraceae
  0.01	7	7	S	2086263	                Rhodobacteraceae bacterium WD3A24
  0.01	3	3	S	2107583	                Rhodobacteraceae bacterium EL53
  0.02	10	0	G	60136	              Sulfitobacter
  0.02	10	10	S	2070369	                Sulfitobacter sp. JL08
  0.01	7	0	G	97050	              Ruegeria
  0.01	7	7	S	644076	                Silicibacter sp. TrichCH4B
  0.01	7	0	G	1400059	              Pontibaca
  0.01	7	7	S	515897	                Pontibaca methylaminivorans
  0.01	4	0	G	1434002	              Falsirhodobacter
  0.01	4	4	S	1472418	                Falsirhodobacter sp. alg1
  0.01	4	0	G	89523	              Rubrimonas
  0.01	4	4	S	89524	                Rubrimonas cliftonensis
  0.01	4	0	G	74030	              Roseovarius
  0.01	4	4	S	573024	                Roseovarius nanhaiticus
  0.01	3	0	G	478070	              Labrenzia
  0.01	3	0	S	187304	                Labrenzia aggregata
  0.01	3	3	S1	384765	                  Labrenzia aggregata IAM 12614
  0.00	2	0	G	53945	              Octadecabacter
  0.00	2	2	S	1458307	                Octadecabacter temperatus
  0.00	2	0	G	663242	              Albimonas
  0.00	2	2	S	1114924	                Albimonas pacifica
  0.00	1	0	G	238783	              Pseudorhodobacter
  0.00	1	1	S	687412	                Pseudorhodobacter aquimaris
  0.00	1	0	G	1097465	              Pararhodobacter
  0.00	1	1	S	2172121	                Pararhodobacter sp. AM505
  0.00	1	0	G	1541818	              Sedimentitalea
  0.00	1	1	S	2483033	                Sedimentitalea sp. W43
  0.00	1	0	G	204456	              Gemmobacter
  0.00	1	1	S	2306023	                Gemmobacter sp. YJ-T1-11
  0.01	5	1	F	69657	            Hyphomonadaceae
  0.00	2	2	G	74317	              Maricaulis
  0.00	2	0	G	153232	              Oceanicaulis
  0.00	2	2	S	314254	                Oceanicaulis sp. HTCC2633
  0.16	96	0	C1	82117	          unclassified Alphaproteobacteria
  0.11	63	0	G	1632780	            Phreatobacter
  0.11	63	63	S	1868589	              Phreatobacter cathodiphilus
  0.05	31	0	C2	33807	            unclassified Alphaproteobacteria (miscellaneous)
  0.04	22	22	S	2341112	              Alphaproteobacteria bacterium WS11
  0.02	9	9	S	1523432	              alpha proteobacterium AAP81b
  0.00	1	0	G	1495041	            Thermopetrobacter
  0.00	1	1	S	1495045	              Thermopetrobacter sp. TC1
  0.00	1	0	G	1678397	            Candidatus Phycosocius
  0.00	1	1	S	1445552	              Candidatus Phycosocius bacilliformis
  0.11	67	0	O	766	          Rickettsiales
  0.06	38	0	F	942	            Anaplasmataceae
  0.05	27	0	G	33993	              Neorickettsia
  0.05	27	0	S	33994	                Neorickettsia helminthoeca
  0.05	27	27	S1	1286528	                  Neorickettsia helminthoeca str. Oregon
  0.01	6	4	G	943	              Ehrlichia
  0.00	2	0	G1	106178	                canis group
  0.00	2	2	S	1242993	                  Ehrlichia minasensis
  0.01	5	0	F1	952	              Wolbachieae
  0.01	5	0	G	953	                Wolbachia
  0.01	3	3	S	955	                  Wolbachia pipientis
  0.00	2	0	S	77038	                  Wolbachia endosymbiont of Drosophila simulans
  0.00	2	2	S1	1236908	                    Wolbachia endosymbiont of Drosophila simulans wNo
  0.03	18	13	F	775	            Rickettsiaceae
  0.01	3	0	F1	33988	              Rickettsieae
  0.00	1	0	G	780	                Rickettsia
  0.00	1	0	G1	114277	                  spotted fever group
  0.00	1	1	S	42862	                    Rickettsia felis
  0.00	1	0	G	69474	                Orientia
  0.00	1	0	S	784	                  Orientia tsutsugamushi
  0.00	1	1	S1	1359184	                    Orientia tsutsugamushi str. Gilliam
  0.00	1	0	G	1930933	                Occidentia
  0.00	1	1	S	752179	                  Occidentia massiliensis
  0.00	2	0	G	2115980	              Candidatus Phycorickettsia
  0.00	2	2	S	2115978	                Candidatus Phycorickettsia trachydisci
  0.02	9	0	F	1328881	            Candidatus Midichloriaceae
  0.02	9	0	G	411566	              Candidatus Midichloria
  0.02	9	0	S	234827	                Candidatus Midichloria mitochondrii
  0.02	9	9	S1	696127	                  Candidatus Midichloria mitochondrii IricVA
  0.00	2	0	O1	210592	            unclassified Rickettsiales
  0.00	2	0	O2	1699067	              unclassified Rickettsiales (miscellaneous)
  0.00	2	2	S	1528098	                Rickettsiales bacterium Ac37b
  0.08	50	0	O	204458	          Caulobacterales
  0.08	50	0	F	76892	            Caulobacteraceae
  0.04	23	0	G	2052989	              Aquidulcibacter
  0.04	23	23	S	1978549	                Aquidulcibacter paucihalophilus
  0.02	14	14	G	76890	              Asticcacaulis
  0.01	7	6	G	20	              Phenylobacterium
  0.00	1	1	S	2201350	                Phenylobacterium sp. HYN0004
  0.01	5	0	F1	81440	              unclassified Caulobacteraceae
  0.01	5	5	S	1759059	                Caulobacteraceae bacterium OTSz_A_272
  0.00	1	0	G	75	              Caulobacter
  0.00	1	1	S	69666	                Caulobacter mirabilis
  0.08	48	0	O	597358	          Kiloniellales
  0.08	48	0	F	597359	            Kiloniellaceae
  0.08	48	48	G	454159	              Kiloniella
  0.03	18	0	O	362534	          Kordiimonadales
  0.03	18	8	F	1331809	            Kordiimonadaceae
  0.02	10	0	G	1434000	              Eilatimonas
  0.02	10	10	S	911205	                Eilatimonas milleporae
  0.02	9	9	O	1191478	          Magnetococcales
  0.00	2	1	O	54526	          Pelagibacterales
  0.00	1	0	F	1655514	            Pelagibacteraceae
  0.00	1	0	G	198251	              Candidatus Pelagibacter
  0.00	1	1	S	1002672	                Candidatus Pelagibacter sp. IMCC9063
  0.00	1	0	O	255473	          Parvularculales
  0.00	1	1	F	255474	            Parvularculaceae
  0.00	1	0	O	510684	          Sneathiellales
  0.00	1	0	F	510685	            Sneathiellaceae
  0.00	1	0	G	510690	              Sneathiella
  0.00	1	0	S	418853	                Sneathiella glossodoripedis
  0.00	1	1	S1	1236958	                  Sneathiella glossodoripedis JCM 23214
  0.00	1	0	O	2493627	          Minwuiales
  0.00	1	0	F	2493628	            Minwuiaceae
  0.00	1	0	G	2493629	              Minwuia
  0.00	1	1	S	2056226	                Minwuia thermotolerans
 15.92	9423	266	C	1236	        Gammaproteobacteria
  8.86	5244	40	O	91347	          Enterobacterales
  8.53	5045	590	F	543	            Enterobacteriaceae
  6.52	3859	222	G	413496	              Cronobacter
  4.80	2842	2842	S	28141	                Cronobacter sakazakii
  0.72	427	427	S	413497	                Cronobacter dublinensis
  0.38	223	223	S	413503	                Cronobacter malonaticus
  0.25	145	145	S	413502	                Cronobacter turicensis
  0.53	315	0	G	590	              Salmonella
  0.53	315	0	S	28901	                Salmonella enterica
  0.53	315	283	S1	59201	                  Salmonella enterica subsp. enterica
  0.03	18	18	S2	90371	                    Salmonella enterica subsp. enterica serovar Typhimurium
  0.01	7	7	S2	340190	                    Salmonella enterica subsp. enterica serovar Schwarzengrund
  0.01	4	0	S2	1242084	                    Salmonella enterica subsp. enterica serovar Krefeld
  0.01	4	4	S3	1242106	                      Salmonella enterica subsp. enterica serovar Krefeld str. SA20030536
  0.00	1	1	S2	57741	                    Salmonella enterica subsp. enterica serovar Blockley
  0.00	1	1	S2	54388	                    Salmonella enterica subsp. enterica serovar Paratyphi A
  0.00	1	1	S2	48409	                    Salmonella enterica subsp. enterica serovar Virchow
  0.23	138	0	G	561	              Escherichia
  0.23	138	97	S	562	                Escherichia coli
  0.02	9	9	S1	1444061	                  Escherichia coli 6-175-07_S1_C1
  0.01	5	5	S1	869680	                  Escherichia coli 93.0624
  0.01	4	4	S1	1116119	                  Escherichia coli 2719100
  0.01	4	4	S1	1444217	                  Escherichia coli 1-182-04_S4_C1
  0.01	4	4	S1	1444218	                  Escherichia coli 1-250-04_S4_C1
  0.00	2	2	S1	1444147	                  Escherichia coli 2-005-03_S3_C2
  0.00	2	2	S1	868201	                  Escherichia coli DEC14A
  0.00	2	2	S1	868206	                  Escherichia coli DEC15A
  0.00	1	1	S1	1444213	                  Escherichia coli 7-233-03_S4_C1
  0.00	1	1	S1	866789	                  Escherichia coli DSM 30083 = JCM 1649 = ATCC 11775
  0.00	1	0	S1	1038927	                  Escherichia coli O104:H4
  0.00	1	1	S2	1042804	                    Escherichia coli O104:H4 str. H112180280
  0.00	1	1	S1	1116166	                  Escherichia coli P0304777.4
  0.00	1	1	S1	1151216	                  Escherichia coli B7-2
  0.00	1	1	S1	1444194	                  Escherichia coli 3-373-03_S3_C3
  0.00	1	1	S1	1280982	                  Escherichia coli HVH 31 (4-2602156)
  0.00	1	1	S1	869675	                  Escherichia coli 1.2264
  0.00	1	1	S1	1444098	                  Escherichia coli 2-222-05_S1_C3
  0.16	92	1	G	570	              Klebsiella
  0.15	87	35	S	573	                Klebsiella pneumoniae
  0.09	52	50	S1	72407	                  Klebsiella pneumoniae subsp. pneumoniae
  0.00	2	2	S2	1094170	                    Klebsiella pneumoniae subsp. pneumoniae KPNIH10
  0.00	2	2	S	548	                Klebsiella aerogenes
  0.00	2	2	S	244366	                Klebsiella variicola
  0.05	32	0	F1	191675	              unclassified Enterobacteriaceae
  0.05	31	0	F2	84563	                ant, tsetse, mealybug, aphid, etc. endosymbionts
  0.04	23	0	G	472825	                  Candidatus Purcelliella
  0.04	23	23	S	472834	                    Candidatus Purcelliella pentastirinorum
  0.01	5	0	G	1906661	                  Candidatus Gullanella
  0.01	5	5	S	1070130	                    Candidatus Gullanella endobia
  0.01	3	0	F3	84564	                  ant endosymbionts
  0.01	3	2	G	203804	                    Candidatus Blochmannia
  0.00	1	0	G1	711328	                      unclassified Candidatus Blochmannia endosymbionts
  0.00	1	1	S	1505596	                        Blochmannia endosymbiont of Polyrhachis (Hedomyrma) turneri
  0.00	1	0	F2	36866	                unclassified Enterobacteriaceae (miscellaneous)
  0.00	1	1	S	1593232	                  Enterobacteriaceae bacterium ATCC 29904
  0.03	17	0	G	547	              Enterobacter
  0.02	9	0	G1	354276	                Enterobacter cloacae complex
  0.01	8	4	S	158836	                  Enterobacter hormaechei
  0.01	4	4	S1	1296536	                    Enterobacter hormaechei subsp. xiangfangensis
  0.00	1	1	S	1915310	                  Enterobacter cloacae complex sp. ECNIH7
  0.01	8	8	S	881260	                Enterobacter bugandensis
  0.00	1	0	G	1330547	              Kosakonia
  0.00	1	1	S	1005665	                Kosakonia oryzendophytica
  0.00	1	0	G	620	              Shigella
  0.00	1	0	S	1776082	                Shigella sp. SF-2015
  0.00	1	1	S1	766141	                  Shigella boydii 5216-82
  0.13	74	0	F	1903410	            Pectobacteriaceae
  0.12	72	0	G	122277	              Pectobacterium
  0.12	69	69	S	554	                Pectobacterium carotovorum
  0.01	3	3	S	1905730	                Pectobacterium parmentieri
  0.00	2	0	G	84565	              Sodalis
  0.00	2	0	S	1486991	                Candidatus Sodalis pierantonius
  0.00	2	2	S1	2342	                  Candidatus Sodalis pierantonius str. SOPE
  0.11	63	0	F	1903411	            Yersiniaceae
  0.07	42	0	G	613	              Serratia
  0.07	42	42	S	615	                Serratia marcescens
  0.03	19	0	G	629	              Yersinia
  0.03	16	0	G1	1649845	                Yersinia pseudotuberculosis complex
  0.02	9	0	S	632	                  Yersinia pestis
  0.02	9	0	S1	385964	                    Yersinia pestis subsp. pestis
  0.02	9	0	S2	1234661	                      Yersinia pestis subsp. pestis bv. Orientalis
  0.02	9	9	S3	404214	                        Yersinia pestis biovar Orientalis str. F1991016
  0.01	7	7	S	633	                  Yersinia pseudotuberculosis
  0.01	3	0	S	630	                Yersinia enterocolitica
  0.01	3	0	S1	150053	                  Yersinia enterocolitica subsp. palearctica
  0.00	2	2	S2	1329364	                    Yersinia enterocolitica subsp. palearctica YE-P4
  0.00	1	1	S2	1329363	                    Yersinia enterocolitica subsp. palearctica YE-P1
  0.00	1	0	G	34037	              Rahnella
  0.00	1	1	S	741091	                Rahnella sp. Y9602
  0.00	1	0	G	1927833	              Candidatus Fukatsuia
  0.00	1	1	S	1878942	                Candidatus Fukatsuia symbiotica
  0.02	14	0	F	1903409	            Erwiniaceae
  0.02	14	0	G	551	              Erwinia
  0.02	14	14	S	1922217	                Candidatus Erwinia haradaeae
  0.01	6	0	F	1903414	            Morganellaceae
  0.00	2	0	G	581	              Morganella
  0.00	2	2	S	582	                Morganella morganii
  0.00	2	0	G	583	              Proteus
  0.00	2	2	S	584	                Proteus mirabilis
  0.00	1	0	G	626	              Xenorhabdus
  0.00	1	1	S	290110	                Xenorhabdus budapestensis
  0.00	1	0	G	637	              Arsenophonus
  0.00	1	0	S	536059	                Arsenophonus endosymbiont of Bemisia tabaci
  0.00	1	1	S1	1868623	                  Arsenophonus endosymbiont of Bemisia tabaci Asia II 3
  0.00	2	0	F	1771359	            Thorselliaceae
  0.00	2	0	G	336803	              Thorsellia
  0.00	2	0	S	336804	                Thorsellia anophelis
  0.00	2	2	S1	1123402	                  Thorsellia anophelis DSM 18579
  3.02	1788	0	O	135614	          Xanthomonadales
  3.00	1775	21	F	32033	            Xanthomonadaceae
  2.84	1681	1571	G	40323	              Stenotrophomonas
  0.14	83	0	G1	995085	                Stenotrophomonas maltophilia group
  0.14	83	74	S	40324	                  Stenotrophomonas maltophilia
  0.02	9	9	S1	1163399	                    Stenotrophomonas maltophilia D457
  0.05	27	27	S	1915389	                Stenotrophomonas sp. KAs 5-3
  0.09	55	0	G	2370	              Xylella
  0.09	55	55	S	2371	                Xylella fastidiosa
  0.01	8	0	G	338	              Xanthomonas
  0.01	6	6	S	56448	                Xanthomonas arboricola
  0.00	1	0	G1	643453	                Xanthomonas citri group
  0.00	1	0	S	346	                  Xanthomonas citri
  0.00	1	1	S1	366649	                    Xanthomonas citri pv. fuscans
  0.00	1	0	S	347	                Xanthomonas oryzae
  0.00	1	1	S1	64187	                  Xanthomonas oryzae pv. oryzae
  0.01	6	0	G	68	              Lysobacter
  0.01	6	0	S	435897	                Lysobacter capsici
  0.01	6	6	S1	1444315	                  Lysobacter capsici AZ78
  0.01	3	0	F1	191676	              unclassified Xanthomonadaceae
  0.01	3	1	F2	57609	                unclassified Xanthomonadaceae (miscellaneous)
  0.00	2	2	S	2511995	                  Xanthomonadaceae bacterium AQ6-296
  0.00	1	0	G	83618	              Pseudoxanthomonas
  0.00	1	0	S	314722	                Pseudoxanthomonas suwonensis
  0.00	1	1	S1	743721	                  Pseudoxanthomonas suwonensis 11-1
  0.02	13	0	F	1775411	            Rhodanobacteraceae
  0.02	11	0	G	886360	              Rudaea
  0.02	11	0	S	540746	                Rudaea cellulosilytica
  0.02	11	11	S1	1123073	                  Rudaea cellulosilytica DSM 22992
  0.00	2	0	G	231454	              Dyella
  0.00	2	2	S	1927958	                Dyella sp. 4G-K06
  1.04	614	0	O	135624	          Aeromonadales
  1.04	614	0	F	84642	            Aeromonadaceae
  1.04	614	360	G	642	              Aeromonas
  0.39	232	3	S	645	                Aeromonas salmonicida
  0.38	226	0	S1	29491	                  Aeromonas salmonicida subsp. salmonicida
  0.38	226	226	S2	1076135	                    Aeromonas salmonicida subsp. salmonicida 01-B526
  0.01	3	3	S1	197700	                  Aeromonas salmonicida subsp. masoucida
  0.03	16	11	S	654	                Aeromonas veronii
  0.01	5	5	S1	114517	                  Aeromonas veronii bv. sobria
  0.01	5	5	S	648	                Aeromonas caviae
  0.00	1	1	S	1282886	                Aeromonas sp. MDS8
  0.88	522	0	O	72274	          Pseudomonadales
  0.71	419	10	F	468	            Moraxellaceae
  0.65	383	101	G	469	              Acinetobacter
  0.23	139	0	G1	909768	                Acinetobacter calcoaceticus/baumannii complex
  0.14	84	24	S	470	                  Acinetobacter baumannii
  0.03	20	20	S1	1311145	                    Acinetobacter baumannii 45052_5
  0.02	9	9	S1	1311046	                    Acinetobacter baumannii 25878_2
  0.01	6	6	S1	1310573	                    Acinetobacter baumannii 18689
  0.01	5	5	S1	1310596	                    Acinetobacter baumannii 1075025
  0.01	5	5	S1	1310774	                    Acinetobacter baumannii 1232509
  0.01	4	4	S1	1224141	                    Acinetobacter baumannii ZWS1219
  0.00	2	2	S1	1116236	                    Acinetobacter baumannii AB5711
  0.00	2	2	S1	1310593	                    Acinetobacter baumannii 796380-2102
  0.00	2	2	S1	1310733	                    Acinetobacter baumannii 1195185_11
  0.00	1	1	S1	1310560	                    Acinetobacter baumannii 564012
  0.00	1	1	S1	1310628	                    Acinetobacter baumannii 1267820
  0.00	1	1	S1	1310840	                    Acinetobacter baumannii 24860_6
  0.00	1	1	S1	1310607	                    Acinetobacter baumannii 625974
  0.00	1	1	S1	903919	                    Acinetobacter baumannii WC-348
  0.04	24	24	S	1310639	                  Acinetobacter sp. 272263
  0.03	15	5	S	48296	                  Acinetobacter pittii
  0.02	10	10	S1	871585	                    Acinetobacter pittii PHEA-2
  0.02	10	10	S	1310800	                  Acinetobacter sp. 1000160
  0.01	5	5	S	106654	                  Acinetobacter nosocomialis
  0.00	1	1	S	1310603	                  Acinetobacter sp. 1294596
  0.05	32	0	S	29430	                Acinetobacter haemolyticus
  0.05	32	32	S1	1217986	                  Acinetobacter haemolyticus NIPH 261
  0.04	26	25	S	40214	                Acinetobacter johnsonii
  0.00	1	1	S1	1217663	                  Acinetobacter johnsonii CIP 64.6
  0.04	24	24	S	756892	                Acinetobacter indicus
  0.03	15	0	S	52133	                Acinetobacter venetianus
  0.03	15	15	S1	1197884	                  Acinetobacter venetianus VE-C3
  0.02	14	0	S	108981	                Acinetobacter schindleri
  0.02	14	14	S1	1217675	                  Acinetobacter schindleri NIPH 900
  0.01	8	5	S	40215	                Acinetobacter junii
  0.01	3	3	S1	1217664	                  Acinetobacter junii CIP 64.5
  0.01	7	7	S	1217694	                Acinetobacter sp. CIP 64.2
  0.01	5	5	S	281375	                Acinetobacter marinus
  0.00	2	0	S	40216	                Acinetobacter radioresistens
  0.00	2	2	S1	903900	                  Acinetobacter radioresistens WC-A-157
  0.00	2	2	S	2126983	                Acinetobacter sp. KPC-SM-21
  0.00	2	2	S	1789224	                Acinetobacter larvae
  0.00	2	2	S	2006115	                Acinetobacter piscicola
  0.00	1	1	S	1891224	                Acinetobacter celticus
  0.00	1	1	S	1144661	                Acinetobacter sp. CIP 101934
  0.00	1	1	S	466088	                Acinetobacter sp. Ver3
  0.00	1	0	S	202950	                Acinetobacter baylyi
  0.00	1	1	S1	1120924	                  Acinetobacter baylyi DSM 14961 = CIP 107474
  0.03	18	0	G	497	              Psychrobacter
  0.03	18	18	S	1112209	                Psychrobacter sp. PAMC 21119
  0.01	6	0	G	475	              Moraxella
  0.01	5	5	S	90241	                Moraxella lincolnii
  0.00	1	1	S	34059	                Moraxella atlantae
  0.00	2	0	G	222991	              Alkanindiges
  0.00	2	2	S	1907941	                Alkanindiges sp. H1
  0.17	103	0	F	135621	            Pseudomonadaceae
  0.17	103	5	G	286	              Pseudomonas
  0.05	32	0	G1	136841	                Pseudomonas aeruginosa group
  0.05	32	32	S	287	                  Pseudomonas aeruginosa
  0.03	20	0	G1	136843	                Pseudomonas fluorescens group
  0.02	11	0	S	294	                  Pseudomonas fluorescens
  0.02	11	11	S1	1383069	                    Pseudomonas fluorescens S12
  0.01	8	8	S	380021	                  Pseudomonas protegens
  0.00	1	1	S	47878	                  Pseudomonas azotoformans
  0.02	9	9	S	1302376	                Candidatus Pseudomonas adelgestsugas
  0.02	9	9	S	104087	                Pseudomonas frederiksbergensis
  0.01	7	7	S	122355	                Pseudomonas psychrophila
  0.01	5	5	S	2044872	                Pseudomonas bohemica
  0.01	4	4	S	1981688	                Pseudomonas sp. R34(2017)
  0.01	3	3	S	243924	                Pseudomonas lutea
  0.01	3	3	S	2032629	                Pseudomonas sp. WN033
  0.00	2	0	G1	136845	                Pseudomonas putida group
  0.00	2	2	S	303	                  Pseudomonas putida
  0.00	2	0	G1	136846	                Pseudomonas stutzeri group
  0.00	2	0	G2	578833	                  Pseudomonas stutzeri subgroup
  0.00	2	0	S	316	                    Pseudomonas stutzeri
  0.00	2	2	S1	1123519	                      Pseudomonas stutzeri DSM 10701
  0.00	1	1	S	930166	                Pseudomonas brassicacearum
  0.00	1	0	G1	136849	                Pseudomonas syringae group
  0.00	1	0	G2	251695	                  Pseudomonas syringae group genomosp. 1
  0.00	1	0	S	317	                    Pseudomonas syringae
  0.00	1	0	S1	264449	                      Pseudomonas syringae group pathovars incertae sedis
  0.00	1	1	S2	103796	                        Pseudomonas syringae pv. actinidiae
  0.80	476	0	O	1706369	          Cellvibrionales
  0.77	458	0	F	1706375	            Spongiibacteraceae
  0.77	456	0	G	630749	              Spongiibacter
  0.62	365	365	S	1620392	                Spongiibacter sp. IMCC21906
  0.15	91	0	S	354246	                Spongiibacter marinus
  0.15	91	91	S1	1122224	                  Spongiibacter marinus DSM 19753
  0.00	2	0	G	1084558	              Oceanicoccus
  0.00	2	2	S	1904639	                Oceanicoccus sp. KOV_DT_Chl
  0.02	9	0	F	1706374	            Porticoccaceae
  0.02	9	0	G	1123967	              Porticoccus
  0.02	9	0	S	1073414	                Porticoccus hydrocarbonoclasticus
  0.02	9	9	S1	1415778	                  Porticoccus hydrocarbonoclasticus MCTG13d
  0.01	5	0	F	1706373	            Microbulbiferaceae
  0.01	5	0	G	48073	              Microbulbifer
  0.01	5	5	S	1785091	                Microbulbifer sp. Q7
  0.00	2	0	F	1706371	            Cellvibrionaceae
  0.00	2	0	G	2038244	              Agaribacterium
  0.00	2	2	S	2013869	                Agaribacterium haliotis
  0.00	2	0	F	1706372	            Halieaceae
  0.00	2	0	F1	1706379	              unclassified Halieaceae
  0.00	2	2	S	745014	                gamma proteobacterium HIMB55
  0.34	204	0	O	135619	          Oceanospirillales
  0.33	195	0	F	28256	            Halomonadaceae
  0.32	191	0	G	404432	              Salinicola
  0.32	191	191	S	1928762	                Salinicola sp. MH3R3-1
  0.00	2	0	G	576341	              Halovibrio
  0.00	2	2	S	2032626	                Halovibrio sp. YL5-2
  0.00	1	0	G	64322	              Carnimonas
  0.00	1	0	S	64323	                Carnimonas nigrificans
  0.00	1	1	S1	1336245	                  Carnimonas nigrificans ATCC BAA-78
  0.00	1	0	F1	114403	              Zymobacter group
  0.00	1	0	F2	114399	                whitefly endosymbionts
  0.00	1	0	G	235572	                  Candidatus Portiera
  0.00	1	1	S	91844	                    Candidatus Portiera aleyrodidarum
  0.01	8	7	F	2066474	            Endozoicomonadaceae
  0.00	1	1	G	305899	              Endozoicomonas
  0.00	1	0	F	224372	            Alcanivoracaceae
  0.00	1	1	G	59753	              Alcanivorax
  0.30	176	0	O	135623	          Vibrionales
  0.30	176	0	F	641	            Vibrionaceae
  0.29	170	3	G	662	              Vibrio
  0.15	86	0	G1	717610	                Vibrio harveyi group
  0.10	59	55	S	670	                  Vibrio parahaemolyticus
  0.01	3	3	S1	1238209	                    Vibrio parahaemolyticus VP232
  0.00	1	1	S1	1238193	                    Vibrio parahaemolyticus VP2007-095
  0.02	14	14	S	190895	                  Vibrio rotiferianus
  0.01	7	7	S	680	                  Vibrio campbellii
  0.01	6	6	S	669	                  Vibrio harveyi
  0.13	77	77	S	29497	                Vibrio splendidus
  0.01	3	3	S	1638949	                Vibrio sp. ECSMB14106
  0.00	1	1	S	666	                Vibrio cholerae
  0.01	6	0	G	657	              Photobacterium
  0.01	3	0	S	1295392	                Photobacterium gaetbulicola
  0.01	3	3	S1	658445	                  Photobacterium gaetbulicola Gung47
  0.00	2	0	S	38293	                Photobacterium damselae
  0.00	2	2	S1	38294	                  Photobacterium damselae subsp. piscicida
  0.00	1	1	S	875932	                Photobacterium sanguinicancri
  0.06	37	0	O	135625	          Pasteurellales
  0.06	37	0	F	712	            Pasteurellaceae
  0.06	36	0	G	724	              Haemophilus
  0.06	36	36	S	727	                Haemophilus influenzae
  0.00	1	0	G	713	              Actinobacillus
  0.00	1	0	S	715	                Actinobacillus pleuropneumoniae
  0.00	1	0	S1	754350	                  Actinobacillus pleuropneumoniae serovar 13
  0.00	1	1	S2	754262	                    Actinobacillus pleuropneumoniae serovar 13 str. N273
  0.05	27	0	O	135622	          Alteromonadales
  0.03	20	1	F	72275	            Alteromonadaceae
  0.03	18	0	G	1621534	              Paraglaciecola
  0.03	18	0	S	326544	                Paraglaciecola psychrophila
  0.03	18	18	S1	1129794	                  Paraglaciecola psychrophila 170
  0.00	1	0	G	226	              Alteromonas
  0.00	1	1	S	2267264	                Alteromonas sp. RKMC-009
  0.01	6	0	F	267890	            Shewanellaceae
  0.01	6	0	G	22	              Shewanella
  0.01	5	4	S	24	                Shewanella putrefaciens
  0.00	1	1	S1	1305841	                  Shewanella putrefaciens HRCR-6
  0.00	1	1	S	1827396	                Shewanella sp. Alg231_23
  0.00	1	0	F	267888	            Pseudoalteromonadaceae
  0.00	1	0	G	53246	              Pseudoalteromonas
  0.00	1	1	S	1938367	                Pseudoalteromonas sp. SK20
  0.02	14	0	O	135613	          Chromatiales
  0.01	7	0	F	72276	            Ectothiorhodospiraceae
  0.01	5	5	G	106633	              Thioalkalivibrio
  0.00	2	0	G	1765964	              Acidihalobacter
  0.00	2	2	S	160660	                Acidihalobacter prosperus
  0.01	6	0	F	1046	            Chromatiaceae
  0.01	6	0	G	336830	              Arsukibacterium
  0.01	6	6	S	1632859	                Arsukibacterium sp. MJ3
  0.00	1	0	F	1738654	            Woeseiaceae
  0.00	1	0	G	1738655	              Woeseia
  0.00	1	1	S	1548547	                Woeseia oceani
  0.02	14	0	O	1775403	          Nevskiales
  0.02	13	0	F	1266054	            Algiphilaceae
  0.02	13	0	G	1266053	              Algiphilus
  0.02	13	0	S	382454	                Algiphilus aromaticivorans
  0.02	13	13	S1	1415780	                  Algiphilus aromaticivorans DG1253
  0.00	1	0	F	568386	            Sinobacteraceae
  0.00	1	0	G	243627	              Hydrocarboniphaga
  0.00	1	0	S	243629	                Hydrocarboniphaga effusa
  0.00	1	1	S1	1172194	                  Hydrocarboniphaga effusa AP103
  0.02	12	0	O	135618	          Methylococcales
  0.01	7	0	F	403	            Methylococcaceae
  0.01	6	0	G	39773	              Methylomicrobium
  0.01	6	0	S	95641	                Methylomicrobium buryatense
  0.01	6	6	S1	675511	                  Methylomicrobium buryatense 5G
  0.00	1	0	G	1565313	              Methyloprofundus
  0.00	1	1	S	1420851	                Methyloprofundus sedimenti
  0.01	5	0	F	89377	            Crenotrichaceae
  0.01	5	0	G	200670	              Crenothrix
  0.01	5	5	S	360316	                Crenothrix polyspora
  0.02	10	0	O	72273	          Thiotrichales
  0.01	6	0	F	135616	            Piscirickettsiaceae
  0.01	6	0	G	364031	              Sulfurivirga
  0.01	6	6	S	364032	                Sulfurivirga caldicuralii
  0.00	1	0	O1	92486	            unclassified Thiotrichales
  0.00	1	0	G	1930932	              Thioflexothrix
  0.00	1	1	S	1570016	                Thioflexothrix psekupsii
  0.00	1	0	F	135617	            Thiotrichaceae
  0.00	1	0	G	40751	              Thioploca
  0.00	1	1	S	40754	                Thioploca ingrica
  0.00	1	1	F	2056687	            Fastidiosibacteraceae
  0.00	1	0	F	2212439	            Thiolinaceae
  0.00	1	0	G	2212691	              Thiolinea
  0.00	1	0	S	125614	                Thiolinea disciformis
  0.00	1	1	S1	1123399	                  Thiolinea disciformis DSM 14473
  0.02	9	0	O	118969	          Legionellales
  0.01	8	3	F	118968	            Coxiellaceae
  0.01	3	0	G	776	              Coxiella
  0.01	3	3	S	777	                Coxiella burnetii
  0.00	2	0	G	873565	              Diplorickettsia
  0.00	2	0	S	676517	                Diplorickettsia massiliensis
  0.00	2	2	S1	1156986	                  Diplorickettsia massiliensis 20B
  0.00	1	0	F	444	            Legionellaceae
  0.00	1	0	G	445	              Legionella
  0.00	1	0	S	96230	                Legionella fallonii
  0.00	1	1	S1	1212491	                  Legionella fallonii LLAP-10
  0.01	8	1	C1	118884	          unclassified Gammaproteobacteria
  0.01	7	7	G	112008	            Ignatzschineria
  0.00	1	0	O	135615	          Cardiobacteriales
  0.00	1	1	F	868	            Cardiobacteriaceae
  0.00	1	0	O	1934945	          Immundisolibacterales
  0.00	1	0	F	1934946	            Immundisolibacteraceae
  0.00	1	0	G	1934947	              Immundisolibacter
  0.00	1	1	S	1810504	                Immundisolibacter cernigliae
  0.71	421	0	C	28216	        Betaproteobacteria
  0.54	318	2	O	80840	          Burkholderiales
  0.36	211	2	F	75682	            Oxalobacteraceae
  0.35	209	0	G	149698	              Massilia
  0.35	209	209	S	945844	                Massilia oculi
  0.10	62	2	F	80864	            Comamonadaceae
  0.08	45	0	F1	83494	              unclassified Comamonadaceae
  0.08	45	45	S	2029116	                Comamonadaceae bacterium NML00-0135
  0.01	5	0	G	80865	              Delftia
  0.01	5	5	S	180282	                Delftia tsuruhatensis
  0.01	3	0	G	283	              Comamonas
  0.00	2	2	S	2035201	                Comamonas sp. 26
  0.00	1	1	S	225991	                Comamonas aquatica
  0.01	3	0	G	763439	              Caenimonas
  0.01	3	3	S	1450524	                Caenimonas sp. SL110
  0.00	1	0	G	335058	              Pelomonas
  0.00	1	1	S	1855730	                Pelomonas sp. KK5
  0.00	1	0	G	52972	              Polaromonas
  0.00	1	1	S	1305734	                Polaromonas sp. EUR3 1.2.1
  0.00	1	0	G	665874	              Limnohabitans
  0.00	1	1	S	1835756	                Limnohabitans sp. JirII-29
  0.00	1	0	G	196013	              Caldimonas
  0.00	1	0	S	196015	                Caldimonas manganoxidans
  0.00	1	1	S1	1265502	                  Caldimonas manganoxidans ATCC BAA-369
  0.05	27	0	F	119060	            Burkholderiaceae
  0.03	19	1	G	32008	              Burkholderia
  0.03	15	0	G1	87882	                Burkholderia cepacia complex
  0.02	13	13	S	95485	                  Burkholderia stabilis
  0.00	1	1	S	87883	                  Burkholderia multivorans
  0.00	1	1	S	95486	                  Burkholderia cenocepacia
  0.01	3	0	G1	111527	                pseudomallei group
  0.00	2	0	S	28450	                  Burkholderia pseudomallei
  0.00	2	2	S1	1435995	                    Burkholderia pseudomallei MSHR2451
  0.00	1	1	S	13373	                  Burkholderia mallei
  0.01	3	0	G	48736	              Ralstonia
  0.01	3	3	S	105219	                Ralstonia mannitolilytica
  0.00	2	0	G	106589	              Cupriavidus
  0.00	2	2	S	164546	                Cupriavidus taiwanensis
  0.00	2	0	G	224135	              Candidatus Glomeribacter
  0.00	2	0	S	132144	                Candidatus Glomeribacter gigasporarum
  0.00	2	2	S1	1070319	                  Candidatus Glomeribacter gigasporarum BEG34
  0.00	1	1	G	240411	              Chitinimonas
  0.02	14	1	F	506	            Alcaligenaceae
  0.01	7	1	G	305976	              Pusillimonas
  0.01	6	6	S	1348472	                Pusillimonas caeni
  0.01	4	0	G	517	              Bordetella
  0.00	2	2	S	521	                Bordetella avium
  0.00	1	1	S	519	                Bordetella parapertussis
  0.00	1	1	S	2175229	                Bordetella sp. 3d-2-2
  0.00	2	0	G	203697	              Derxia
  0.00	2	2	S	764842	                Derxia lacustris
  0.00	2	0	O1	119065	            unclassified Burkholderiales
  0.00	2	0	O2	224471	              Burkholderiales Genera incertae sedis
  0.00	2	2	G	32012	                Thiomonas
  0.15	89	0	O	206351	          Neisseriales
  0.15	87	0	F	481	            Neisseriaceae
  0.14	85	0	G	482	              Neisseria
  0.14	85	82	S	487	                Neisseria meningitidis
  0.01	3	3	S1	1095674	                  Neisseria meningitidis 61103
  0.00	2	0	G	1193515	              Snodgrassella
  0.00	2	2	S	1196083	                Snodgrassella alvi
  0.00	2	0	F	1499392	            Chromobacteriaceae
  0.00	2	0	G	83764	              Formivibrio
  0.00	2	2	S	83765	                Formivibrio citricus
  0.01	7	0	O	32003	          Nitrosomonadales
  0.01	6	0	O1	1660158	            unclassified Nitrosomonadales
  0.01	6	0	O2	1233498	              OM43 clade
  0.01	6	6	S	383631	                Methylophilales bacterium HTCC2181
  0.00	1	0	F	90627	            Gallionellaceae
  0.00	1	0	G	96	              Gallionella
  0.00	1	0	S	370405	                Gallionella capsiferriformans
  0.00	1	1	S1	395494	                  Gallionella capsiferriformans ES-2
  0.01	5	0	C1	119066	          unclassified Betaproteobacteria
  0.01	5	0	G	1301080	            Candidatus Nasuia
  0.01	5	1	S	1160784	              Candidatus Nasuia deltocephalinicola
  0.01	4	4	S1	1343077	                Candidatus Nasuia deltocephalinicola str. NAS-ALF
  0.00	2	0	O	206389	          Rhodocyclales
  0.00	2	0	F	2008794	            Zoogloeaceae
  0.00	2	0	G	12960	              Azoarcus
  0.00	2	2	S	1637998	                Azoarcus sp. PA01
  0.51	301	0	P1	68525	        delta/epsilon subdivisions
  0.42	247	1	C	28221	          Deltaproteobacteria
  0.21	126	0	O	29	            Myxococcales
  0.20	117	0	O1	224462	              Nannocystineae
  0.20	117	0	F	224463	                Nannocystaceae
  0.20	117	0	G	53	                  Nannocystis
  0.20	117	117	S	54	                    Nannocystis exedens
  0.02	9	0	O1	80812	              Sorangiineae
  0.01	8	0	F	49	                Polyangiaceae
  0.01	6	0	G	39643	                  Sorangium
  0.01	6	6	S	56	                    Sorangium cellulosum
  0.00	2	0	G	1882917	                  Pajaroellobacter
  0.00	2	2	S	1882918	                    Pajaroellobacter abortibovis
  0.00	1	0	F	1055686	                Sandaracinaceae
  0.00	1	0	G	1055688	                  Sandaracinus
  0.00	1	1	S	927083	                    Sandaracinus amylolyticus
  0.09	52	0	O	213115	            Desulfovibrionales
  0.09	52	3	F	194924	              Desulfovibrionaceae
  0.08	49	16	G	872	                Desulfovibrio
  0.02	11	10	S	881	                  Desulfovibrio vulgaris
  0.00	1	1	S1	573059	                    Desulfovibrio vulgaris RCH1
  0.02	10	0	S	42252	                  Desulfovibrio termitidis
  0.02	10	10	S1	644897	                    Desulfovibrio termitidis HI1
  0.01	4	4	S	58180	                  Desulfovibrio alaskensis
  0.01	3	0	S	466107	                  Desulfovibrio litoralis
  0.01	3	3	S1	1121455	                    Desulfovibrio litoralis DSM 11393
  0.00	2	2	S	241368	                  Desulfovibrio ferrophilus
  0.00	2	0	S	47157	                  Desulfovibrio bastinii
  0.00	2	2	S1	1121441	                    Desulfovibrio bastinii DSM 16055
  0.00	1	1	S	941449	                  Desulfovibrio sp. X2
  0.06	35	0	O	69541	            Desulfuromonadales
  0.06	35	2	F	213421	              Desulfuromonadaceae
  0.05	32	0	G	18	                Pelobacter
  0.05	32	32	S	29542	                  Pelobacter acetylenicus
  0.00	1	0	G	890	                Desulfuromonas
  0.00	1	1	S	38815	                  Desulfuromonas acetexigens
  0.05	28	0	O	213118	            Desulfobacterales
  0.02	14	4	F	213119	              Desulfobacteraceae
  0.02	9	0	G	2299	                Desulfosarcina
  0.02	9	0	S	90730	                  Desulfosarcina cetonica
  0.02	9	9	S1	1294021	                    Desulfosarcina cetonica JCM 12296
  0.00	1	0	G	896	                Desulfococcus
  0.00	1	1	S	897	                  Desulfococcus multivorans
  0.02	14	0	F	213121	              Desulfobulbaceae
  0.02	14	0	G	429014	                Desulfopila
  0.02	14	0	S	231440	                  Desulfopila aestuarii
  0.02	14	14	S1	1121416	                    Desulfopila aestuarii DSM 18488
  0.01	4	0	O	213462	            Syntrophobacterales
  0.01	3	0	F	213468	              Syntrophaceae
  0.01	3	3	G	43773	                Syntrophus
  0.00	1	1	F	213465	              Syntrophobacteraceae
  0.00	1	0	O	453227	            Desulfarculales
  0.00	1	0	F	453228	              Desulfarculaceae
  0.00	1	0	G	453229	                Desulfarculus
  0.00	1	0	S	453230	                  Desulfarculus baarsii
  0.00	1	1	S1	644282	                    Desulfarculus baarsii DSM 2075
  0.09	54	0	C	29547	          Epsilonproteobacteria
  0.09	53	0	O	213849	            Campylobacterales
  0.06	37	0	F	72294	              Campylobacteraceae
  0.05	29	0	G	194	                Campylobacter
  0.05	29	29	S	197	                  Campylobacter jejuni
  0.01	6	0	G	57665	                Sulfurospirillum
  0.01	6	0	S	57666	                  Sulfurospirillum arcachonense
  0.01	6	6	S1	1123326	                    Sulfurospirillum arcachonense DSM 9755
  0.00	2	0	F1	2321108	                Arcobacter group
  0.00	1	0	G	28196	                  Arcobacter
  0.00	1	1	S	1032072	                    Arcobacter molluscorum
  0.00	1	0	F2	2321207	                  unclassified Arcobacter group
  0.00	1	1	S	2044511	                    Arcobacter sp. F2176
  0.03	16	0	F	72293	              Helicobacteraceae
  0.03	15	3	G	209	                Helicobacter
  0.02	12	4	S	210	                  Helicobacter pylori
  0.01	8	8	S1	992055	                    Helicobacter pylori Hp A-16
  0.00	1	0	G	286130	                Sulfuricurvum
  0.00	1	0	S	148813	                  Sulfuricurvum kujiense
  0.00	1	1	S1	709032	                    Sulfuricurvum kujiense DSM 16994
  0.00	1	0	O	235899	            Nautiliales
  0.00	1	1	F	224467	              Nautiliaceae
  0.00	2	0	C	1553900	        Oligoflexia
  0.00	1	0	O	213481	          Bdellovibrionales
  0.00	1	0	F	213483	            Bdellovibrionaceae
  0.00	1	0	G	958	              Bdellovibrio
  0.00	1	1	S	1732569	                Bdellovibrio sp. SKB1291214
  0.00	1	0	O	2024973	          Silvanigrellales
  0.00	1	0	O1	2024980	            unclassified Silvanigrellales
  0.00	1	0	O2	2493640	              unclassified Silvanigrellales (miscellaneous)
  0.00	1	1	S	2493639	                Silvanigrellales bacterium RF1110005
  0.00	2	0	C	1807140	        Acidithiobacillia
  0.00	2	0	O	225057	          Acidithiobacillales
  0.00	2	0	F	225059	            Thermithiobacillaceae
  0.00	2	0	G	119979	              Thermithiobacillus
  0.00	2	0	S	929	                Thermithiobacillus tepidarius
  0.00	2	2	S1	1123368	                  Thermithiobacillus tepidarius DSM 3134
  0.00	1	0	C	2008785	        Hydrogenophilalia
  0.00	1	0	O	119069	          Hydrogenophilales
  0.00	1	0	F	206349	            Hydrogenophilaceae
  0.00	1	0	G	70774	              Hydrogenophilus
  0.00	1	1	S	297	                Hydrogenophilus thermoluteolus
  7.30	4319	50	D1	1783272	      Terrabacteria group
  5.66	3347	28	P	1239	        Firmicutes
  4.45	2634	29	C	91061	          Bacilli
  4.21	2490	42	O	1385	            Bacillales
  3.69	2183	8	F	186817	              Bacillaceae
  3.64	2154	1564	G	1386	                Bacillus
  0.34	199	1	G1	653685	                  Bacillus subtilis group
  0.19	113	0	G2	1938374	                    Bacillus amyloliquefaciens group
  0.12	70	65	S	492670	                      Bacillus velezensis
  0.01	5	5	S1	1385727	                        Bacillus velezensis NAU-B3
  0.06	34	34	S	659243	                      Bacillus siamensis
  0.02	9	9	S	1390	                      Bacillus amyloliquefaciens
  0.08	48	41	S	1423	                    Bacillus subtilis
  0.01	5	2	S1	135461	                      Bacillus subtilis subsp. subtilis
  0.01	3	3	S2	565143	                        Bacillus subtilis subsp. subtilis str. AUSI98
  0.00	1	1	S1	96241	                      Bacillus subtilis subsp. spizizenii
  0.00	1	1	S1	1496303	                      Bacillus subtilis subsp. globigii
  0.06	33	0	S	72361	                    Bacillus vallismortis
  0.06	33	33	S1	1051502	                      Bacillus vallismortis DV1-F-3
  0.00	2	0	S	1452	                    Bacillus atrophaeus
  0.00	2	2	S1	1529886	                      Bacillus atrophaeus subsp. globigii
  0.00	1	1	S	1402	                    Bacillus licheniformis
  0.00	1	1	S	1648923	                    Bacillus paralicheniformis
  0.18	109	6	G1	86661	                  Bacillus cereus group
  0.08	49	44	S	1396	                    Bacillus cereus
  0.01	5	5	S1	1454382	                      Bacillus cereus D17
  0.03	18	12	S	1428	                    Bacillus thuringiensis
  0.01	3	3	S1	29339	                      Bacillus thuringiensis serovar kurstaki
  0.00	2	2	S1	1423143	                      Bacillus thuringiensis Bt18247
  0.00	1	1	S1	1195464	                      Bacillus thuringiensis MC28
  0.02	10	10	S	1973494	                    Bacillus sp. S1-R1J2-FB
  0.01	7	7	S	1973493	                    Bacillus sp. S1-R2T1-FB
  0.01	7	7	S	64104	                    Bacillus pseudomycoides
  0.01	5	5	S	1392	                    Bacillus anthracis
  0.01	4	4	S	1973491	                    Bacillus sp. S1-R5C1-FB
  0.01	3	3	S	1890302	                    Bacillus wiedmannii
  0.06	37	37	S	220684	                  Bacillus drentensis
  0.04	22	22	S	1936234	                  Bacillus sp. Marseille-P3661
  0.03	20	20	S	549687	                  Bacillus horneckiae
  0.03	19	19	S	1221450	                  Bacillus abyssalis
  0.03	17	17	S	1977090	                  Bacillus sp. JEM-1
  0.03	17	17	S	2011010	                  Bacillus sp. FJAT-45066
  0.03	16	16	S	1455638	                  Bacillus sp. SA1-12
  0.03	16	16	S	2054913	                  Bacillus sp. mrc49
  0.03	15	15	S	427920	                  Bacillus alkalinitrilicus
  0.03	15	15	S	1982041	                  Bacillus sp. MB353a
  0.02	10	0	S	408580	                  Bacillus coahuilensis
  0.02	10	10	S1	441769	                    Bacillus coahuilensis m4-4
  0.02	9	9	S	2011007	                  Bacillus sp. FJAT-45037
  0.01	8	8	S	762947	                  Bacillus eiseniae
  0.01	7	0	G1	1792192	                  Bacillus altitudinis complex
  0.01	7	7	S	293387	                    Bacillus altitudinis
  0.01	5	5	S	2014005	                  Bacillus sp. FJAT-44742
  0.01	5	5	S	304268	                  Bacillus alkalitelluris
  0.01	5	5	S	161544	                  Bacillus sp. SG-1
  0.01	4	4	S	2014075	                  Bacillus sp. FJAT-46582
  0.01	3	0	S	86665	                  Bacillus halodurans
  0.01	3	3	S1	272558	                    Bacillus halodurans C-125
  0.01	3	3	S	1679168	                  Bacillus sp. FJAT-27231
  0.01	3	3	S	1960589	                  Bacillus sp. FJAT-45385
  0.01	3	3	S	859144	                  Bacillus gottheilii
  0.01	3	3	S	2011013	                  Bacillus sp. FJAT-44876
  0.00	2	2	S	2109589	                  Bacillus sp. LNXM12-2
  0.00	2	2	S	1398	                  Bacillus coagulans
  0.00	2	0	S	1445	                  Bacillus alcalophilus
  0.00	2	2	S1	1218173	                    Bacillus alcalophilus ATCC 27647 = CGMCC 1.3604
  0.00	2	2	S	2011011	                  Bacillus populi
  0.00	2	2	S	46224	                  Bacillus sporothermodurans
  0.00	1	1	S	1679167	                  Bacillus sp. FJAT-27238
  0.00	1	1	S	1340434	                  Bacillus sp. UNC438CL73TsuS30
  0.00	1	1	S	1679166	                  Bacillus sp. FJAT-27445
  0.00	1	1	S	1209364	                  Bacillus sp. WBUNB004
  0.00	1	1	S	2049935	                  Bacillus sp. Lzh-5
  0.00	1	1	S	1882766	                  Bacillus sp. YR288
  0.00	1	1	S	1739115	                  Bacillus sp. AM 13(2015)
  0.00	1	1	S	1663555	                  Bacillus sp. MB366
  0.00	1	1	S	2021693	                  Bacillus sp. 7884-1
  0.00	1	1	S	2011012	                  Bacillus sp. FJAT-45348
  0.01	6	0	G	84406	                Virgibacillus
  0.01	6	6	S	2024555	                  Virgibacillus profundi
  0.01	5	0	G	427077	                Salsuginibacillus
  0.01	5	5	S	517424	                  Salsuginibacillus halophilus
  0.01	3	0	G	1329200	                Fictibacillus
  0.01	3	3	S	2212476	                  Fictibacillus sp. S7
  0.00	2	0	G	74385	                Gracilibacillus
  0.00	1	0	S	307521	                  Gracilibacillus boraciitolerans
  0.00	1	1	S1	1298598	                    Gracilibacillus boraciitolerans JCM 21714
  0.00	1	0	S	470864	                  Gracilibacillus halophilus
  0.00	1	1	S1	1308866	                    Gracilibacillus halophilus YIM-C55.5
  0.00	2	0	G	129337	                Geobacillus
  0.00	2	2	S	1233873	                  Geobacillus sp. GHH01
  0.00	2	0	G	400634	                Lysinibacillus
  0.00	1	1	S	1421	                  Lysinibacillus sphaericus
  0.00	1	1	S	582475	                  Lysinibacillus xylanilyticus
  0.00	1	0	G	1884449	                Salipaludibacillus
  0.00	1	1	S	76935	                  Salipaludibacillus agaradhaerens
  0.31	181	0	F	90964	              Staphylococcaceae
  0.30	180	21	G	1279	                Staphylococcus
  0.23	134	61	S	1280	                  Staphylococcus aureus
  0.09	54	54	S1	1413492	                    Staphylococcus aureus MSSA-93
  0.01	5	5	S1	1413483	                    Staphylococcus aureus C3965
  0.01	4	2	S1	46170	                    Staphylococcus aureus subsp. aureus
  0.00	2	2	S2	931442	                      Staphylococcus aureus subsp. aureus CIG547
  0.01	3	3	S1	1388426	                    Staphylococcus aureus M0642
  0.00	2	2	S1	1157033	                    Staphylococcus aureus M0478
  0.00	1	1	S1	1413501	                    Staphylococcus aureus R0353
  0.00	1	1	S1	1388438	                    Staphylococcus aureus M0657
  0.00	1	1	S1	1388416	                    Staphylococcus aureus M0626
  0.00	1	1	S1	1422588	                    Staphylococcus aureus VET0325R
  0.00	1	1	S1	1422222	                    Staphylococcus aureus DAR1174
  0.01	8	8	S	1286	                  Staphylococcus simulans
  0.01	4	4	S	1283	                  Staphylococcus haemolyticus
  0.01	3	3	S	1281	                  Staphylococcus carnosus
  0.01	3	3	S	46126	                  Staphylococcus chromogenes
  0.01	3	3	S	70255	                  Staphylococcus condimenti
  0.00	1	1	S	985002	                  Staphylococcus argenteus
  0.00	1	1	S	1292	                  Staphylococcus warneri
  0.00	1	1	S	2201033	                  Staphylococcus sp. FDAARGOS_39
  0.00	1	1	S	70258	                  Staphylococcus piscifermentans
  0.00	1	0	G	45669	                Salinicoccus
  0.00	1	1	S	1432562	                  Salinicoccus sediminis
  0.12	71	0	F	186820	              Listeriaceae
  0.12	70	2	G	1637	                Listeria
  0.11	68	67	S	1639	                  Listeria monocytogenes
  0.00	1	0	S1	1906951	                    Listeria monocytogenes serotype 1/2a
  0.00	1	1	S2	267409	                      Listeria monocytogenes serotype 1/2a str. F6854
  0.00	1	0	G	2755	                Brochothrix
  0.00	1	1	S	2756	                  Brochothrix thermosphacta
  0.02	11	0	F	186822	              Paenibacillaceae
  0.01	6	0	G	329857	                Cohnella
  0.01	6	6	S	1816691	                  Cohnella sp. 6021052837
  0.01	4	0	G	44249	                Paenibacillus
  0.01	3	3	S	2211212	                  Paenibacillus sp. DCT19
  0.00	1	1	S	2509456	                  Paenibacillus sp. FW100M-2
  0.00	1	0	F1	234447	                unclassified Paenibacillaceae
  0.00	1	1	S	2305227	                  Paenibacillaceae bacterium SCSIO 06110
  0.00	2	0	O1	539002	              Bacillales incertae sedis
  0.00	2	0	F	539003	                Bacillales Family X. Incertae Sedis
  0.00	2	0	G	94008	                  Thermicanus
  0.00	2	0	S	94009	                    Thermicanus aegyptius
  0.00	2	2	S1	1089548	                      Thermicanus aegyptius DSM 12793
  0.19	115	6	O	186826	            Lactobacillales
  0.10	62	1	F	81852	              Enterococcaceae
  0.10	61	0	G	1350	                Enterococcus
  0.06	38	30	S	1352	                  Enterococcus faecium
  0.01	5	5	S1	1134821	                    Enterococcus faecium ERV161
  0.00	1	1	S1	333849	                    Enterococcus faecium DO
  0.00	1	1	S1	1328870	                    Enterococcus faecium UC7251
  0.00	1	1	S1	1157486	                    Enterococcus faecium EnGen0191
  0.03	17	0	S	44009	                  Enterococcus dispar
  0.03	17	17	S1	1139219	                    Enterococcus dispar ATCC 51266
  0.01	4	4	S	1351	                  Enterococcus faecalis
  0.00	1	1	S	71451	                  Enterococcus malodoratus
  0.00	1	1	S	53345	                  Enterococcus durans
  0.05	31	0	F	1300	              Streptococcaceae
  0.04	21	3	G	1301	                Streptococcus
  0.02	9	3	S	1313	                  Streptococcus pneumoniae
  0.00	2	2	S1	1159083	                    Streptococcus pneumoniae PCS8235
  0.00	1	1	S1	1105116	                    Streptococcus pneumoniae GA56113
  0.00	1	1	S1	760871	                    Streptococcus pneumoniae 5652-06
  0.00	1	1	S1	760775	                    Streptococcus pneumoniae GA13856
  0.00	1	1	S1	1159092	                    Streptococcus pneumoniae PNI0010
  0.00	2	0	S	1341	                  Streptococcus ratti
  0.00	2	2	S1	699248	                    Streptococcus ratti FA-1 = DSM 20564
  0.00	2	2	S	1825069	                  Streptococcus marmotae
  0.00	2	2	S	1314	                  Streptococcus pyogenes
  0.00	1	0	S	1308	                  Streptococcus thermophilus
  0.00	1	1	S1	322159	                    Streptococcus thermophilus LMD-9
  0.00	1	1	S	1811193	                  Streptococcus pantholopis
  0.00	1	0	G1	119603	                  Streptococcus dysgalactiae group
  0.00	1	0	S	1334	                    Streptococcus dysgalactiae
  0.00	1	0	S1	119602	                      Streptococcus dysgalactiae subsp. equisimilis
  0.00	1	1	S2	759913	                        Streptococcus dysgalactiae subsp. equisimilis AC-2713
  0.02	10	0	G	1357	                Lactococcus
  0.02	10	1	S	1358	                  Lactococcus lactis
  0.02	9	9	S1	1359	                    Lactococcus lactis subsp. cremoris
  0.02	12	0	F	33958	              Lactobacillaceae
  0.02	12	2	G	1578	                Lactobacillus
  0.01	5	5	S	1581136	                  Lactobacillus sp. HMSC08B12
  0.01	3	3	S	1624	                  Lactobacillus salivarius
  0.00	1	1	S	47715	                  Lactobacillus rhamnosus
  0.00	1	0	S	109790	                  Lactobacillus jensenii
  0.00	1	1	S1	525329	                    Lactobacillus jensenii JV-V16
  0.01	3	2	F	186827	              Aerococcaceae
  0.00	1	0	G	1375	                Aerococcus
  0.00	1	1	S	1376	                  Aerococcus urinae
  0.00	1	0	F	186828	              Carnobacteriaceae
  0.00	1	0	G	292480	                Atopostipes
  0.00	1	0	S	180295	                  Atopostipes suicloacalis
  0.00	1	1	S1	1121025	                    Atopostipes suicloacalis DSM 15692
  1.13	671	0	C	186801	          Clostridia
  1.13	670	20	O	186802	            Clostridiales
  0.83	493	2	F	541000	              Ruminococcaceae
  0.82	487	486	G	1263	                Ruminococcus
  0.00	1	1	S	40518	                  Ruminococcus bromii
  0.00	1	1	G	1903506	                Drancourtella
  0.00	1	0	G	204475	                Gemmiger
  0.00	1	1	S	1965549	                  Gemmiger sp. An120
  0.00	1	0	G	946234	                Flavonifractor
  0.00	1	1	S	1965537	                  Flavonifractor sp. An10
  0.00	1	0	G	292632	                Subdoligranulum
  0.00	1	0	S	214851	                  Subdoligranulum variabile
  0.00	1	1	S1	411471	                    Subdoligranulum variabile DSM 15176
  0.16	95	1	F	186804	              Peptostreptococcaceae
  0.15	91	0	G	1870884	                Clostridioides
  0.15	91	91	S	1496	                  Clostridioides difficile
  0.01	3	0	G	1849828	                Paeniclostridium
  0.01	3	3	S	1505	                  Paeniclostridium sordellii
  0.06	38	3	F	31979	              Clostridiaceae
  0.06	33	16	G	1485	                Clostridium
  0.02	9	9	S	1491	                  Clostridium botulinum
  0.01	5	5	S	2293019	                  Clostridium sp. AF46-12NS
  0.00	2	2	S	2479838	                  Clostridium sp. Marseille-P8228
  0.00	1	1	S	1509	                  Clostridium sporogenes
  0.00	1	0	G	44258	                Caloramator
  0.00	1	1	S	908809	                  Caloramator mitchellensis
  0.00	1	0	F1	189971	                unclassified Clostridiaceae
  0.00	1	1	S	2082193	                  Clostridiaceae bacterium 14S0207
  0.02	12	0	F	186803	              Lachnospiraceae
  0.01	3	0	G	31980	                Acetitomaculum
  0.01	3	0	S	2382	                  Acetitomaculum ruminis
  0.01	3	3	S1	1120918	                    Acetitomaculum ruminis DSM 5522
  0.01	3	0	G	43996	                Catonella
  0.01	3	0	S	43997	                  Catonella morbi
  0.01	3	3	S1	592026	                    Catonella morbi ATCC 51271
  0.00	2	0	G	1506553	                Lachnoclostridium
  0.00	1	0	S	29347	                  [Clostridium] scindens
  0.00	1	1	S1	411468	                    [Clostridium] scindens ATCC 35704
  0.00	1	1	S	1926283	                  Lachnoclostridium edouardi
  0.00	2	0	G	189330	                Dorea
  0.00	2	2	S	2080749	                  Dorea sp. Marseille-P4042
  0.00	1	0	G	841	                Roseburia
  0.00	1	1	S	1261634	                  Roseburia sp. 499
  0.00	1	1	G	698776	                Cellulosilyticum
  0.01	5	0	O1	538999	              Clostridiales incertae sedis
  0.01	5	0	F	539000	                Clostridiales Family XVII. Incertae Sedis
  0.01	5	1	G	28033	                  Sulfobacillus
  0.01	4	4	S	2039167	                    Sulfobacillus sp. hq2
  0.01	4	3	F	186807	              Peptococcaceae
  0.00	1	0	G	2282742	                Desulfofarcimen
  0.00	1	0	S	58138	                  Desulfofarcimen acetoxidans
  0.00	1	1	S1	485916	                    Desulfofarcimen acetoxidans DSM 771
  0.01	3	0	F	68298	              Syntrophomonadaceae
  0.01	3	0	G	862	                Syntrophomonas
  0.01	3	3	S	863	                  Syntrophomonas wolfei
  0.00	1	0	O	53433	            Halanaerobiales
  0.00	1	0	F	53434	              Halobacteroidaceae
  0.00	1	0	G	42417	                Halobacteroides
  0.00	1	0	S	42422	                  Halobacteroides halobius
  0.00	1	1	S1	748449	                    Halobacteroides halobius DSM 5150
  0.01	6	0	C	1737404	          Tissierellia
  0.01	6	0	O	1737405	            Tissierellales
  0.01	6	0	F	1570339	              Peptoniphilaceae
  0.01	3	3	G	165779	                Anaerococcus
  0.00	2	0	G	1945592	                Lagierella
  0.00	2	2	S	1689303	                  Lagierella massiliensis
  0.00	1	1	G	31983	                Helcococcus
  0.01	5	0	C	909932	          Negativicutes
  0.01	5	0	O	1843489	            Veillonellales
  0.01	5	0	F	31977	              Veillonellaceae
  0.01	4	0	G	906	                Megasphaera
  0.01	4	4	S	39029	                  Megasphaera cerevisiae
  0.00	1	0	F1	42214	                unclassified Veillonellaceae
  0.00	1	1	S	1588754	                  Veillonellaceae bacterium DNF00626
  0.01	3	0	C	526524	          Erysipelotrichia
  0.01	3	0	O	526525	            Erysipelotrichales
  0.01	3	0	F	128827	              Erysipelotrichaceae
  0.00	2	0	G	1647	                Erysipelothrix
  0.00	2	2	S	1648	                  Erysipelothrix rhusiopathiae
  0.00	1	0	G	100883	                Coprobacillus
  0.00	1	1	S	100884	                  Coprobacillus cateniformis
  1.50	887	0	P	201174	        Actinobacteria
  1.43	846	58	C	1760	          Actinobacteria
  0.81	481	19	O	85006	            Micrococcales
  0.56	331	0	F	85016	              Cellulomonadaceae
  0.56	331	296	G	1707	                Cellulomonas
  0.04	22	22	S	1689271	                  Cellulomonas timonensis
  0.01	7	7	S	988821	                  Cellulomonas marina
  0.01	5	5	S	1304865	                  Cellulomonas sp. KRMCY2
  0.00	1	1	S	2003551	                  Cellulomonas sp. PSBB021
  0.07	40	12	F	85023	              Microbacteriaceae
  0.02	12	0	F1	1655488	                Luna cluster
  0.02	12	0	F2	1655489	                  Luna-1 subcluster
  0.02	10	0	G	529883	                    Rhodoluna
  0.02	10	10	S	529884	                      Rhodoluna lacicola
  0.00	2	2	S	207608	                    Microbacteriaceae bacterium MWH-Ta3
  0.02	11	0	G	46352	                Agrococcus
  0.02	9	9	S	153730	                  Agrococcus baldri
  0.00	2	0	S	343512	                  Agrococcus casei
  0.00	2	2	S1	1255656	                    Agrococcus casei LMG 22410
  0.01	3	1	G	447237	                Frondihabitans
  0.00	2	2	S	1446794	                  Frondihabitans sp. 762G35
  0.00	1	0	G	1573	                Clavibacter
  0.00	1	0	S	28447	                  Clavibacter michiganensis
  0.00	1	1	S1	1874630	                    Clavibacter michiganensis subsp. capsici
  0.00	1	0	G	33882	                Microbacterium
  0.00	1	1	S	2293570	                  Microbacterium sp. NEAU-LLE
  0.06	34	33	F	85017	              Promicromonosporaceae
  0.00	1	1	G	43676	                Promicromonospora
  0.03	17	0	F	1042322	              Demequinaceae
  0.03	17	4	G	577469	                Demequina
  0.02	12	12	S	1095026	                  Demequina sediminicola
  0.00	1	1	S	1570341	                  Demequina sp. NBRC 110052
  0.02	10	0	O1	577468	              unclassified Micrococcales
  0.02	10	0	G	2038	                Tropheryma
  0.02	10	0	S	2039	                  Tropheryma whipplei
  0.01	7	7	S1	1294036	                    Tropheryma whipplei str. Neuro20
  0.00	2	2	S1	1294033	                    Tropheryma whipplei str. Art29
  0.00	1	1	S1	1294037	                    Tropheryma whipplei str. Dig9
  0.01	8	0	F	1268	              Micrococcaceae
  0.01	4	3	G	1663	                Arthrobacter
  0.00	1	1	S	2486855	                  Arthrobacter sp. LAM7117
  0.01	3	1	G	57493	                Kocuria
  0.00	1	1	S	2029858	                  Kocuria sp. WRN011
  0.00	1	1	S	446860	                  Kocuria flava
  0.00	1	0	G	1742989	                Glutamicibacter
  0.00	1	1	S	1913445	                  Glutamicibacter sp. 0426
  0.01	8	0	F	1331736	              Ruaniaceae
  0.01	6	0	G	626119	                Ruania
  0.01	6	0	S	366586	                  Ruania albidiflava
  0.01	6	6	S1	1123065	                    Ruania albidiflava DSM 18029
  0.00	2	0	F1	1945882	                unclassified Ruaniaceae
  0.00	2	2	S	1945888	                  Ruaniaceae bacterium KH17
  0.01	4	0	F	85020	              Dermabacteraceae
  0.01	4	0	G	43668	                Brachybacterium
  0.01	3	3	S	1903186	                  Brachybacterium sp. P6-10-X1
  0.00	1	1	S	1755098	                  Brachybacterium massiliense
  0.01	3	0	F	85019	              Brevibacteriaceae
  0.01	3	3	G	1696	                Brevibacterium
  0.01	3	1	F	125316	              Beutenbergiaceae
  0.00	2	0	G	947525	                Miniimonas
  0.00	2	2	S	2171623	                  Miniimonas sp. S16
  0.00	2	0	F	145360	              Sanguibacteraceae
  0.00	2	0	G	60919	                Sanguibacter
  0.00	1	1	S	372484	                  Sanguibacter antarcticus
  0.00	1	1	S	1973217	                  Sanguibacter massiliensis
  0.00	1	0	F	85018	              Dermatophilaceae
  0.00	1	0	G	1184606	                Austwickia
  0.00	1	1	S	100225	                  Austwickia chelonae
  0.00	1	0	F	145357	              Dermacoccaceae
  0.00	1	0	G	57495	                Dermacoccus
  0.00	1	1	S	188626	                  Dermacoccus sp. Ellin185
  0.22	132	0	O	85011	            Streptomycetales
  0.22	132	0	F	2062	              Streptomycetaceae
  0.22	129	3	G	1883	                Streptomyces
  0.15	90	90	S	51201	                  Streptomyces griseocarneus
  0.02	13	0	G1	1481185	                  Streptomyces cinnamoneus group
  0.02	13	13	S	53446	                    Streptomyces cinnamoneus
  0.01	8	8	S	1690221	                  Streptomyces spongiicola
  0.01	3	0	S	66865	                  Streptomyces afghaniensis
  0.01	3	3	S1	1283301	                    Streptomyces afghaniensis 772
  0.00	2	2	S	565560	                  Streptomyces sp. SM17
  0.00	2	2	S	47763	                  Streptomyces lydicus
  0.00	2	2	S	54571	                  Streptomyces venezuelae
  0.00	2	2	S	498367	                  Streptomyces specialis
  0.00	1	1	S	40318	                  Streptomyces nodosus
  0.00	1	1	S	1609106	                  Streptomyces sp. NRRL B-1568
  0.00	1	1	S	92644	                  Streptomyces malaysiensis
  0.00	1	1	S	1849967	                  Streptomyces sp. SAT1
  0.01	3	0	G	2063	                Kitasatospora
  0.01	3	3	S	1703930	                  Kitasatospora sp. CB01950
  0.09	52	0	O	85009	            Propionibacteriales
  0.09	52	18	F	31957	              Propionibacteriaceae
  0.03	17	16	G	1912215	                Acidipropionibacterium
  0.00	1	0	S	1751	                  Acidipropionibacterium thoenii
  0.00	1	1	S1	1122998	                    Acidipropionibacterium thoenii DSM 20276
  0.01	7	5	G	1743	                Propionibacterium
  0.00	1	1	S	1744	                  Propionibacterium freudenreichii
  0.00	1	1	S	556499	                  Propionibacterium acidifaciens
  0.01	5	0	G	29404	                Microlunatus
  0.01	5	5	S	630515	                  Microlunatus soli
  0.00	2	2	G	72763	                Tessaracoccus
  0.00	2	0	G	1911549	                Raineyella
  0.00	2	2	S	1577474	                  Raineyella antarctica
  0.00	1	0	G	1912216	                Cutibacterium
  0.00	1	1	S	1747	                  Cutibacterium acnes
  0.07	42	6	O	85007	            Corynebacteriales
  0.03	15	0	F	1762	              Mycobacteriaceae
  0.02	13	0	G	1763	                Mycobacterium
  0.01	7	0	G1	120793	                  Mycobacterium avium complex (MAC)
  0.01	7	7	S	64667	                    Mycobacterium lepraemurium
  0.01	6	0	G1	77643	                  Mycobacterium tuberculosis complex
  0.01	6	6	S	1773	                    Mycobacterium tuberculosis
  0.00	2	0	G	1866885	                Mycolicibacterium
  0.00	2	2	S	59813	                  Mycolicibacterium novocastrense
  0.02	14	0	F	1653	              Corynebacteriaceae
  0.02	14	2	G	1716	                Corynebacterium
  0.01	5	5	S	43765	                  Corynebacterium amycolatum
  0.01	5	5	S	2080750	                  Corynebacterium sp. Marseille-P4329
  0.00	2	0	S	1717	                  Corynebacterium diphtheriae
  0.00	2	0	S1	1720349	                    Corynebacterium diphtheriae bv. gravis
  0.00	2	2	S2	1450521	                      Corynebacterium diphtheriae bv. gravis str. ISS 4060
  0.01	4	0	O1	697024	              unclassified Corynebacteriales
  0.01	4	0	G	1847725	                Lawsonella
  0.01	4	4	S	1528099	                  Lawsonella clevelandensis
  0.01	3	0	F	85025	              Nocardiaceae
  0.01	3	0	G	1817	                Nocardia
  0.00	2	0	S	53432	                  Nocardia uniformis
  0.00	2	2	S1	1210100	                    Nocardia uniformis NBRC 13702
  0.00	1	1	S	37329	                  Nocardia farcinica
  0.04	26	0	O	85004	            Bifidobacteriales
  0.04	26	1	F	31953	              Bifidobacteriaceae
  0.04	21	0	G	1678	                Bifidobacterium
  0.01	8	8	S	2493120	                  Bifidobacterium aemilianum
  0.01	5	0	S	28025	                  Bifidobacterium animalis
  0.01	3	0	S1	302911	                    Bifidobacterium animalis subsp. lactis
  0.01	3	3	S2	1316911	                      Bifidobacterium animalis subsp. lactis KLDS2.0603
  0.00	2	2	S1	302912	                    Bifidobacterium animalis subsp. animalis
  0.01	4	0	S	638619	                  Bifidobacterium actinocoloniiforme
  0.01	4	4	S1	1437605	                    Bifidobacterium actinocoloniiforme DSM 22766
  0.00	2	0	S	216816	                  Bifidobacterium longum
  0.00	2	2	S1	1679	                    Bifidobacterium longum subsp. longum
  0.00	1	1	S	1653207	                  Bifidobacterium aquikefiri
  0.00	1	0	S	1689	                  Bifidobacterium dentium
  0.00	1	1	S1	1150423	                    Bifidobacterium dentium JCM 1195 = DSM 20436
  0.00	2	0	G	196081	                Scardovia
  0.00	2	0	S	230143	                  Scardovia wiggsiae
  0.00	2	2	S1	857290	                    Scardovia wiggsiae F0424
  0.00	2	0	G	240233	                Aeriscardovia
  0.00	2	2	S	218139	                  Aeriscardovia aeriphila
  0.03	16	0	O	2037	            Actinomycetales
  0.03	15	3	F	2049	              Actinomycetaceae
  0.02	9	7	G	1654	                Actinomyces
  0.00	2	2	S	1857645	                  Actinomyces vulturis
  0.00	1	0	F1	45035	                unclassified Actinomycetaceae
  0.00	1	1	S	2364794	                  Actinomycetaceae bacterium Marseille-P6182
  0.00	1	1	G	76833	                Actinobaculum
  0.00	1	1	G	1069494	                Trueperella
  0.00	1	0	O1	38987	              unclassified Actinomycetales
  0.00	1	0	O2	105426	                unclassified Actinomycetales (miscellaneous)
  0.00	1	1	S	1434822	                  Actinomycetales bacterium JB111
  0.03	16	0	O	1643682	            Geodermatophilales
  0.03	16	9	F	85030	              Geodermatophilaceae
  0.01	6	6	G	1860	                Geodermatophilus
  0.00	1	0	G	38501	                Blastococcus
  0.00	1	1	S	2171622	                  Blastococcus litoris
  0.02	12	0	O	85010	            Pseudonocardiales
  0.02	12	0	F	2070	              Pseudonocardiaceae
  0.02	9	9	G	1847	                Pseudonocardia
  0.01	3	0	G	1813	                Amycolatopsis
  0.00	2	2	S	31959	                  Amycolatopsis lurida
  0.00	1	0	S	342230	                  Amycolatopsis taiwanensis
  0.00	1	1	S1	1120984	                    Amycolatopsis taiwanensis DSM 45107
  0.01	3	0	O	85008	            Micromonosporales
  0.01	3	3	F	28056	              Micromonosporaceae
  0.01	3	0	O	1643683	            Acidothermales
  0.01	3	0	F	85032	              Acidothermaceae
  0.01	3	0	G	28048	                Acidothermus
  0.01	3	0	S	28049	                  Acidothermus cellulolyticus
  0.01	3	3	S1	351607	                    Acidothermus cellulolyticus 11B
  0.00	2	0	O	85013	            Frankiales
  0.00	1	0	F	74712	              Frankiaceae
  0.00	1	0	G	1854	                Frankia
  0.00	1	1	S	106370	                  Frankia casuarinae
  0.00	1	0	O1	1837742	              unclassified Frankiales
  0.00	1	0	O2	1920255	                unclassified Frankiales (miscellaneous)
  0.00	1	1	S	2339232	                  Frankiales bacterium YIM 75000
  0.00	1	0	O	85012	            Streptosporangiales
  0.00	1	0	F	2004	              Streptosporangiaceae
  0.00	1	0	G	1367968	                Sinosporangium
  0.00	1	1	S	504805	                  Sinosporangium album
  0.00	1	0	C1	1643818	            Actinobacteria incertae sedis
  0.00	1	0	G	147067	              Thermobispora
  0.00	1	0	S	2006	                Thermobispora bispora
  0.00	1	1	S1	469371	                  Thermobispora bispora DSM 43833
  0.00	1	0	O	622452	            Kineosporiales
  0.00	1	0	F	83778	              Kineosporiaceae
  0.00	1	0	G	1156392	                Pseudokineococcus
  0.00	1	1	S	763993	                  Pseudokineococcus lusitanus
  0.06	38	0	C	84998	          Coriobacteriia
  0.06	37	0	O	84999	            Coriobacteriales
  0.06	37	37	F	84107	              Coriobacteriaceae
  0.00	1	0	O	1643822	            Eggerthellales
  0.00	1	0	F	1643826	              Eggerthellaceae
  0.00	1	0	G	79603	                Denitrobacterium
  0.00	1	1	S	79604	                  Denitrobacterium detoxificans
  0.00	2	0	C	908620	          Nitriliruptoria
  0.00	1	0	O	596497	            Nitriliruptorales
  0.00	1	0	F	596498	              Nitriliruptoraceae
  0.00	1	0	G	596499	                Nitriliruptor
  0.00	1	0	S	427918	                  Nitriliruptor alkaliphilus
  0.00	1	1	S1	1069448	                    Nitriliruptor alkaliphilus DSM 45188
  0.00	1	0	O	908621	            Euzebyales
  0.00	1	0	F	908622	              Euzebyaceae
  0.00	1	0	G	908623	                Euzebya
  0.00	1	1	S	591198	                  Euzebya tangerina
  0.00	1	0	C	84995	          Rubrobacteria
  0.00	1	0	O	84996	            Rubrobacterales
  0.00	1	0	F	84997	              Rubrobacteraceae
  0.00	1	1	G	42255	                Rubrobacter
  0.04	23	0	P	200795	        Chloroflexi
  0.03	16	0	C	292625	          Anaerolineae
  0.03	16	0	O	292629	            Anaerolineales
  0.03	16	0	F	292628	              Anaerolineaceae
  0.03	16	0	G	233189	                Anaerolinea
  0.03	16	16	S	229919	                  Anaerolinea thermolimosa
  0.01	5	0	C	32061	          Chloroflexia
  0.01	5	0	O	32064	            Chloroflexales
  0.01	5	0	O1	1508594	              Chloroflexineae
  0.01	5	0	F	104174	                Oscillochloridaceae
  0.01	4	4	G	1579476	                  Candidatus Chloroploca
  0.00	1	0	G	104175	                  Oscillochloris
  0.00	1	0	S	104176	                    Oscillochloris trichoides
  0.00	1	1	S1	765420	                      Oscillochloris trichoides DG-6
  0.00	2	0	C	388447	          Ktedonobacteria
  0.00	2	0	O	388448	            Ktedonobacterales
  0.00	1	0	F	388449	              Ktedonobacteraceae
  0.00	1	0	G	363276	                Ktedonobacter
  0.00	1	0	S	363277	                  Ktedonobacter racemifer
  0.00	1	1	S1	485913	                    Ktedonobacter racemifer DSM 44963
  0.00	1	0	O1	1936992	              unclassified Ktedonobacterales
  0.00	1	1	S	2509675	                Ktedonobacterales bacterium SCAWS-G2
  0.01	8	0	D2	1798711	        Cyanobacteria/Melainabacteria group
  0.01	7	0	P	1117	          Cyanobacteria
  0.01	3	0	O	1161	            Nostocales
  0.01	3	0	F	1892259	              Aphanizomenonaceae
  0.01	3	0	G	1175	                Aphanizomenon
  0.01	3	0	S	1176	                  Aphanizomenon flos-aquae
  0.01	3	3	S1	284502	                    Aphanizomenon flos-aquae NIES-81
  0.00	2	0	P1	34079	            unclassified Cyanobacteria
  0.00	2	0	P2	1983111	              unclassified Cyanobacteria (miscellaneous)
  0.00	2	2	S	1173021	                cyanobacterium PCC 7702
  0.00	2	1	O	1890424	            Synechococcales
  0.00	1	0	F	1890426	              Synechococcaceae
  0.00	1	1	G	1129	                Synechococcus
  0.00	1	0	P	1798710	          Candidatus Melainabacteria
  0.00	1	0	O	1906119	            Candidatus Gastranaerophilales
  0.00	1	1	S	2137880	              Candidatus Gastranaerophilales bacterium
  0.01	3	0	P	544448	        Tenericutes
  0.01	3	0	C	31969	          Mollicutes
  0.00	2	0	O	2085	            Mycoplasmatales
  0.00	2	0	F	2092	              Mycoplasmataceae
  0.00	2	1	G	2093	                Mycoplasma
  0.00	1	1	S	1749074	                  Mycoplasma sp. (ex Biomphalaria glabrata)
  0.00	1	0	O	186328	            Entomoplasmatales
  0.00	1	0	F	2131	              Spiroplasmataceae
  0.00	1	1	G	2132	                Spiroplasma
  0.00	1	0	P	1297	        Deinococcus-Thermus
  0.00	1	0	C	188787	          Deinococci
  0.00	1	0	O	118964	            Deinococcales
  0.00	1	0	F	183710	              Deinococcaceae
  0.00	1	1	G	1298	                Deinococcus
  0.05	30	0	D1	1783270	      FCB group
  0.05	28	0	D2	68336	        Bacteroidetes/Chlorobi group
  0.05	27	0	P	976	          Bacteroidetes
  0.03	15	0	C	768503	            Cytophagia
  0.03	15	0	O	768507	              Cytophagales
  0.02	13	0	F	89373	                Cytophagaceae
  0.02	12	0	G	2031119	                  Jiulongibacter
  0.02	12	12	S	1605367	                    Jiulongibacter sediminis
  0.00	1	0	G	312278	                  Emticicia
  0.00	1	1	S	2067454	                    Emticicia sp. TH156
  0.00	2	0	F	1853232	                Hymenobacteraceae
  0.00	2	0	G	89966	                  Hymenobacter
  0.00	2	2	S	1908237	                    Hymenobacter lapidarius
  0.01	4	0	O	1100069	            Bacteroidetes Order II. Incertae sedis
  0.01	4	0	F	563843	              Rhodothermaceae
  0.01	4	4	G	29548	                Rhodothermus
  0.01	3	0	C	117743	            Flavobacteriia
  0.01	3	0	O	200644	              Flavobacteriales
  0.00	2	0	F	49546	                Flavobacteriaceae
  0.00	1	1	G	52959	                  Polaribacter
  0.00	1	0	G	633413	                  Pseudozobellia
  0.00	1	1	S	2419782	                    Pseudozobellia sp. CCMM003
  0.00	1	0	O1	313602	                unclassified Flavobacteriales
  0.00	1	0	G	336809	                  Candidatus Sulcia
  0.00	1	1	S	336810	                    Candidatus Sulcia muelleri
  0.00	2	0	C	200643	            Bacteroidia
  0.00	2	0	O	171549	              Bacteroidales
  0.00	1	0	F	171550	                Rikenellaceae
  0.00	1	0	G	239759	                  Alistipes
  0.00	1	0	S	1470347	                    Alistipes ihumii
  0.00	1	1	S1	1211813	                      Alistipes ihumii AP11
  0.00	1	0	F	171551	                Porphyromonadaceae
  0.00	1	0	G	1635148	                  Sanguibacteroides
  0.00	1	1	S	1547597	                    Sanguibacteroides justesenii
  0.00	2	0	C	1937959	            Saprospiria
  0.00	2	0	O	1936988	              Saprospirales
  0.00	2	0	F	1937960	                Lewinellaceae
  0.00	2	0	F1	2036868	                  unclassified Lewinellaceae
  0.00	2	2	S	2014804	                    Lewinellaceae bacterium SD302
  0.00	1	0	C	117747	            Sphingobacteriia
  0.00	1	0	O	200666	              Sphingobacteriales
  0.00	1	0	F	84566	                Sphingobacteriaceae
  0.00	1	0	G	423349	                  Mucilaginibacter
  0.00	1	1	S	1643920	                    Mucilaginibacter sp. L294
  0.00	1	0	P	1090	          Chlorobi
  0.00	1	0	C	191410	            Chlorobia
  0.00	1	0	O	191411	              Chlorobiales
  0.00	1	0	F	191412	                Chlorobiaceae
  0.00	1	0	G	256319	                  Chlorobaculum
  0.00	1	1	S	2508878	                    Chlorobaculum sp. 24CR
  0.00	1	0	P	62680	        Candidatus Marinimicrobia
  0.00	1	1	S	2026760	          Candidatus Marinimicrobia bacterium
  0.00	1	0	P	65842	        Fibrobacteres
  0.00	1	0	C	204430	          Fibrobacteria
  0.00	1	0	O	218872	            Fibrobacterales
  0.00	1	0	F	204431	              Fibrobacteraceae
  0.00	1	1	G	832	                Fibrobacter
  0.03	16	0	D1	1783257	      PVC group
  0.02	11	0	P	204428	        Chlamydiae
  0.02	11	0	C	204429	          Chlamydiia
  0.02	11	0	O	1963360	            Parachlamydiales
  0.01	6	0	F	92712	              Simkaniaceae
  0.01	6	0	G	34093	                Simkania
  0.01	6	0	S	83561	                  Simkania negevensis
  0.01	6	6	S1	331113	                    Simkania negevensis Z
  0.01	3	0	F	92713	              Parachlamydiaceae
  0.01	3	0	G	83551	                Parachlamydia
  0.01	3	3	S	83552	                  Parachlamydia acanthamoebae
  0.00	2	0	F	92714	              Waddliaceae
  0.00	2	0	G	71666	                Waddlia
  0.00	2	0	S	71667	                  Waddlia chondrophila
  0.00	2	2	S1	716544	                    Waddlia chondrophila WSU 86-1044
  0.01	4	0	P	74201	        Verrucomicrobia
  0.01	3	0	P1	326457	          unclassified Verrucomicrobia
  0.01	3	0	P2	417295	            unclassified Verrucomicrobia (miscellaneous)
  0.01	3	3	S	2026799	              Verrucomicrobia bacterium
  0.00	1	0	C	203494	          Verrucomicrobiae
  0.00	1	0	O	48461	            Verrucomicrobiales
  0.00	1	0	F	1647988	              Akkermansiaceae
  0.00	1	0	G	239934	                Akkermansia
  0.00	1	1	S	1679444	                  Akkermansia glycaniphila
  0.00	1	0	P	203682	        Planctomycetes
  0.00	1	0	C	2517206	          Candidatus Brocadiae
  0.00	1	0	O	1127829	            Candidatus Brocadiales
  0.00	1	0	F	1127830	              Candidatus Brocadiaceae
  0.00	1	0	G	380240	                Candidatus Brocadia
  0.00	1	1	S	392547	                  Candidatus Brocadia sapporoensis
  0.02	11	0	P	200938	      Chrysiogenetes
  0.02	11	0	C	118001	        Chrysiogenetes
  0.02	11	0	O	189769	          Chrysiogenales
  0.02	11	9	F	189770	            Chrysiogenaceae
  0.00	1	0	G	118004	              Chrysiogenes
  0.00	1	0	S	309797	                Chrysiogenes arsenatis
  0.00	1	1	S1	118005	                  Chrysiogenes arsenatis DSM 11915
  0.00	1	0	G	393029	              Desulfurispirillum
  0.00	1	0	S	936456	                Desulfurispirillum indicum
  0.00	1	1	S1	653733	                  Desulfurispirillum indicum S5
  0.01	7	0	D1	2323	      unclassified Bacteria
  0.01	4	0	D2	49928	        unclassified Bacteria (miscellaneous)
  0.01	3	3	S	2320112	          bacterium D16-50
  0.00	1	1	S	2320102	          bacterium 1XD42-8
  0.01	3	0	D2	1783234	        Bacteria candidate phyla
  0.01	3	0	D3	95901	          Candidatus Dependentiae
  0.01	3	0	D4	1104668	            unclassified Candidatus Dependentiae
  0.01	3	3	S	2066483	              Candidatus Dependentiae bacterium (ex Spumella elongata CCAP 955/1)
  0.01	6	0	P	32066	      Fusobacteria
  0.01	6	0	C	203490	        Fusobacteriia
  0.01	6	0	O	203491	          Fusobacteriales
  0.01	6	0	F	203492	            Fusobacteriaceae
  0.01	6	1	G	848	              Fusobacterium
  0.01	5	0	S	1583098	                Fusobacterium hwasookii
  0.01	5	5	S1	1307442	                  Fusobacterium hwasookii ChDC F174
  0.01	3	0	P	203691	      Spirochaetes
  0.01	3	0	C	203692	        Spirochaetia
  0.00	2	0	O	136	          Spirochaetales
  0.00	2	0	F	137	            Spirochaetaceae
  0.00	2	0	G	2035349	              Oceanispirochaeta
  0.00	2	2	S	2283433	                Oceanispirochaeta sp. M1
  0.00	1	0	O	1643688	          Leptospirales
  0.00	1	0	F	170	            Leptospiraceae
  0.00	1	1	G	171	              Leptospira
  0.00	2	0	P	200918	      Thermotogae
  0.00	2	0	C	188708	        Thermotogae
  0.00	2	0	O	1643946	          Kosmotogales
  0.00	2	0	F	1643948	            Kosmotogaceae
  0.00	2	0	G	651456	              Kosmotoga
  0.00	2	0	S	688066	                Kosmotoga arenicorallina
  0.00	2	2	S1	1453497	                  Kosmotoga arenicorallina S304
  0.05	30	0	D	2759	    Eukaryota
  0.05	30	0	D1	33154	      Opisthokonta
  0.05	30	0	K	33208	        Metazoa
  0.05	30	0	K1	6072	          Eumetazoa
  0.05	30	0	K2	33213	            Bilateria
  0.05	30	0	K3	33511	              Deuterostomia
  0.05	30	0	P	7711	                Chordata
  0.05	30	0	P1	89593	                  Craniata
  0.05	30	0	P2	7742	                    Vertebrata
  0.05	30	0	P3	7776	                      Gnathostomata
  0.05	30	0	P4	117570	                        Teleostomi
  0.05	30	0	P5	117571	                          Euteleostomi
  0.05	30	0	P6	8287	                            Sarcopterygii
  0.05	30	0	P7	1338369	                              Dipnotetrapodomorpha
  0.05	30	0	P8	32523	                                Tetrapoda
  0.05	30	0	P9	32524	                                  Amniota
  0.05	30	0	C	40674	                                    Mammalia
  0.05	30	0	C1	32525	                                      Theria
  0.05	30	0	C2	9347	                                        Eutheria
  0.05	30	0	C3	1437010	                                          Boreoeutheria
  0.05	30	0	C4	314146	                                            Euarchontoglires
  0.05	30	0	O	9443	                                              Primates
  0.05	30	0	O1	376913	                                                Haplorrhini
  0.05	30	0	O2	314293	                                                  Simiiformes
  0.05	30	0	O3	9526	                                                    Catarrhini
  0.05	30	0	O4	314295	                                                      Hominoidea
  0.05	30	0	F	9604	                                                        Hominidae
  0.05	30	0	F1	207598	                                                          Homininae
  0.05	30	0	G	9605	                                                            Homo
  0.05	30	30	S	9606	                                                              Homo sapiens
